[{"model": "sessions.session", "pk": "98xo6r1s7gcxp4by1jzt0kjp8702zzu6", "fields": {"session_data": "NjE1MDNhNWNmZmQzMzk4YTIwMTY4YjMwOTRmOWNjZWNjNWJhN2I1ZTp7Il9hdXRoX3VzZXJfaGFzaCI6ImM0YjM1NTljZGY2YjVmOGFiOGI1NTQ0NGU4ZjhhNzIxNjE2MjczZjMiLCJfbGFuZ3VhZ2UiOiJydSIsIl9hdXRoX3VzZXJfaWQiOiIxIiwiX2F1dGhfdXNlcl9iYWNrZW5kIjoiZGphbmdvLmNvbnRyaWIuYXV0aC5iYWNrZW5kcy5Nb2RlbEJhY2tlbmQifQ==", "expire_date": "2016-04-14T15:05:10.241Z"}}, {"model": "sessions.session", "pk": "9dtb7nawxb44f9as0jz62dkc91ggsl11", "fields": {"session_data": "N2Y5ODk2NjU4MGZlZjY3MTU3YWIzOTI3MjlhZTI5ZjczZTk3YTRmMjp7Il9sYW5ndWFnZSI6InVrIiwiX2F1dGhfdXNlcl9iYWNrZW5kIjoiZGphbmdvLmNvbnRyaWIuYXV0aC5iYWNrZW5kcy5Nb2RlbEJhY2tlbmQiLCJfYXV0aF91c2VyX2lkIjoiMSIsIl9hdXRoX3VzZXJfaGFzaCI6IjRhY2VhMDdmMWEyZTJhMmVlMmVjMTQ0ZDhkYWQ5OWZmN2M3ZjdmZjkifQ==", "expire_date": "2016-04-15T14:10:27.778Z"}}, {"model": "sessions.session", "pk": "cujny6bk2jlc35t4erx37mkuotn7a1pf", "fields": {"session_data": "NTM4MjRhN2U3YWQ0YmQ3YTNlOTIxNjFlMmE1MmMyODhhMTg2NjA2NTp7ImNhcnQiOnsiOTMiOnsiTm9uZSI6MX19LCJsYW5ndWFnZSI6InJ1IiwiX2F1dGhfdXNlcl9oYXNoIjoiMzRkOWUxZmEzZGNiNDFlM2EzZDZjYWY5NjIwZWU0NzliYWE1OTc4ZCIsIl9hdXRoX3VzZXJfaWQiOiIxIiwiX2F1dGhfdXNlcl9iYWNrZW5kIjoiZGphbmdvLmNvbnRyaWIuYXV0aC5iYWNrZW5kcy5Nb2RlbEJhY2tlbmQifQ==", "expire_date": "2016-04-11T12:54:34.611Z"}}, {"model": "sessions.session", "pk": "dn23itm9xphjia6q44774y26s2upurnj", "fields": {"session_data": "NGZjZjgwYjUwZjUyMDMzZjM2Y2EwZWRkY2YwMTAzZGZmMjU3YWE4NTp7ImNhcnQiOnsiOTkiOnsiTm9uZSI6IjEifSwiODIiOnsiMiI6IjEiLCIxIjoyLCJOb25lIjoxfSwiOTYiOnsiTm9uZSI6MX0sIjkxIjp7Ik5vbmUiOiIxIn19LCJsYW5ndWFnZSI6InJ1In0=", "expire_date": "2016-04-08T16:01:27.103Z"}}, {"model": "sessions.session", "pk": "f715nf1r9ysawtk5dibmbwb6o37b41u4", "fields": {"session_data": "NTYxNWFlMTk5NmQ3ZDBiYmZhN2VjN2FhZWU4OWYyMjY5ODZjODZkNDp7Imxhbmd1YWdlIjoicnUifQ==", "expire_date": "2016-04-12T12:05:05.605Z"}}, {"model": "sessions.session", "pk": "irxwfc4rn0p2juabdnmjsxgxijqnwekk", "fields": {"session_data": "YzBjYzZkNjdmZDIxMmFhMjIzMmY2YTc3MDc0ZjAzMjk5YjkxZjkyOTp7Il9hdXRoX3VzZXJfaWQiOiIxIiwiX2F1dGhfdXNlcl9iYWNrZW5kIjoiZGphbmdvLmNvbnRyaWIuYXV0aC5iYWNrZW5kcy5Nb2RlbEJhY2tlbmQiLCJfYXV0aF91c2VyX2hhc2giOiI0OGY3YWFlZmM4YmFlNDIxYzQzYTJkYzc2NGM1OTY3MmMwMmQyNmEwIn0=", "expire_date": "2016-04-26T15:27:53.584Z"}}, {"model": "sessions.session", "pk": "mqct6fogn7jm2x7t9avcbzvmsljcbygl", "fields": {"session_data": "ZTA5YzBlMjVjNGIxZTI3ODQ3ZmY4MmJhZDIwYzg5ZDAxZGRlZGEwNDp7ImNhcnQiOnsiOTMiOnsiTm9uZSI6Mn0sIjEwMCI6eyJOb25lIjoxfX19", "expire_date": "2016-04-19T14:50:26.437Z"}}, {"model": "sessions.session", "pk": "skp1dmroe7786is0xhrl6hoyljbllp05", "fields": {"session_data": "YzFiYTM5ZTczZGNjOGFlMjliMzVhODZmZWUzN2I2OTVhODllNzQ5Yzp7Imxhbmd1YWdlIjoicnUiLCJfYXV0aF91c2VyX2JhY2tlbmQiOiJkamFuZ28uY29udHJpYi5hdXRoLmJhY2tlbmRzLk1vZGVsQmFja2VuZCIsIl9hdXRoX3VzZXJfaWQiOiIxIiwiX2F1dGhfdXNlcl9oYXNoIjoiMzRkOWUxZmEzZGNiNDFlM2EzZDZjYWY5NjIwZWU0NzliYWE1OTc4ZCJ9", "expire_date": "2016-04-12T13:37:06.240Z"}}, {"model": "sessions.session", "pk": "uaf5mxedlro41gb41teskx8g6kvnkyju", "fields": {"session_data": "YWEwYjczMzlhNjg1MDBhMzAwODg4ODJlYjI4NTcyZGI3MzI4ZDNkZDp7Il9hdXRoX3VzZXJfaWQiOiIxIiwiX2F1dGhfdXNlcl9iYWNrZW5kIjoiZGphbmdvLmNvbnRyaWIuYXV0aC5iYWNrZW5kcy5Nb2RlbEJhY2tlbmQiLCJfYXV0aF91c2VyX2hhc2giOiI4NTNjZWVkOGQ4NmMzZjVjNzlkNzMyMjZhY2ZlMjg2ZjdhN2I5MWNmIn0=", "expire_date": "2016-04-26T13:37:29.604Z"}}, {"model": "sessions.session", "pk": "ut5cz0itpk55wzrb2jwupvw4tc63rm94", "fields": {"session_data": "OTBkOGFmOTIwYTgwNTkxNTA4NzAyOGFmYjdlOTkwYTUzYTNiNTgxZjp7Imxhbmd1YWdlIjoicnUiLCJjYXJ0Ijp7IjkzIjp7Ik5vbmUiOjF9LCI4MiI6eyJOb25lIjoxLCIxIjoiMSJ9fX0=", "expire_date": "2016-04-08T10:33:59.011Z"}}, {"model": "easy_thumbnails.source", "pk": 1, "fields": {"storage_hash": "f9bde26a1556cd667f742bd34ec7c55e", "name": "image_positions/products/400x400.jpg", "modified": "2016-03-16T14:50:46.791Z"}}, {"model": "easy_thumbnails.source", "pk": 2, "fields": {"storage_hash": "f9bde26a1556cd667f742bd34ec7c55e", "name": "image_positions/products/5ef18cae5c014c33ac5f0d388e1626a7.jpg", "modified": "2016-04-12T09:38:24.869Z"}}, {"model": "easy_thumbnails.thumbnail", "pk": 1, "fields": {"storage_hash": "d26becbf46ac48eda79c7a39a13a02dd", "name": "image_positions/products/400x400.jpg.960x680_q85_box-0,65,400,335_crop_detail.jpg", "modified": "2016-03-16T14:50:46.740Z", "source": 1}}, {"model": "easy_thumbnails.thumbnail", "pk": 2, "fields": {"storage_hash": "d26becbf46ac48eda79c7a39a13a02dd", "name": "image_positions/products/400x400.jpg.400x270_q85_box-0,65,400,335_crop_detail.jpg", "modified": "2016-03-16T14:50:46.771Z", "source": 1}}, {"model": "easy_thumbnails.thumbnail", "pk": 3, "fields": {"storage_hash": "d26becbf46ac48eda79c7a39a13a02dd", "name": "image_positions/products/400x400.jpg.250x160_q85_box-0,65,400,335_crop_detail.jpg", "modified": "2016-03-16T14:50:46.793Z", "source": 1}}, {"model": "easy_thumbnails.thumbnail", "pk": 4, "fields": {"storage_hash": "d26becbf46ac48eda79c7a39a13a02dd", "name": "image_positions/products/5ef18cae5c014c33ac5f0d388e1626a7.jpg.960x680_q85_box-0,103,960,751_crop_detail.jpg", "modified": "2016-03-16T14:50:46.895Z", "source": 2}}, {"model": "easy_thumbnails.thumbnail", "pk": 5, "fields": {"storage_hash": "d26becbf46ac48eda79c7a39a13a02dd", "name": "image_positions/products/5ef18cae5c014c33ac5f0d388e1626a7.jpg.400x270_q85_box-0,103,960,751_crop_detail.jpg", "modified": "2016-03-16T14:50:46.944Z", "source": 2}}, {"model": "easy_thumbnails.thumbnail", "pk": 6, "fields": {"storage_hash": "d26becbf46ac48eda79c7a39a13a02dd", "name": "image_positions/products/5ef18cae5c014c33ac5f0d388e1626a7.jpg.250x160_q85_box-0,103,960,751_crop_detail.jpg", "modified": "2016-03-16T14:50:46.982Z", "source": 2}}, {"model": "easy_thumbnails.thumbnail", "pk": 7, "fields": {"storage_hash": "d26becbf46ac48eda79c7a39a13a02dd", "name": "image_positions/products/5ef18cae5c014c33ac5f0d388e1626a7.jpg.300x300_q85_detail_upscale.jpg", "modified": "2016-04-12T09:38:24.882Z", "source": 2}}, {"model": "website.staticpage", "pk": 1, "fields": {"name": "super", "url": "super_url", "first_text": "", "second_text": "", "gallery": null, "meta_description": "", "title": "super", "meta_canonical": "", "meta_robots": "", "h1": "super", "description": "", "is_news": false, "first_image": "", "second_image": "", "template": null, "creation_date": "2016-03-28", "last_edit_date": "2016-03-28"}}, {"model": "website.bannerimageposition", "pk": 1, "fields": {"image_original": "image_positions/banners/ada.png", "image_small": "", "image_medium": "", "image_large": "", "name": "zachem", "title": "kartinke title i name", "creation_date": "2016-03-18", "last_edit_date": "2016-03-18", "weight": 2, "active": true, "description": "", "banner": 1}}, {"model": "website.bannerimageposition", "pk": 2, "fields": {"image_original": "image_positions/banners/add_attr.png", "image_small": "", "image_medium": "", "image_large": "", "name": "i", "title": "dont know", "creation_date": "2016-03-18", "last_edit_date": "2016-03-18", "weight": 1, "active": true, "description": "", "banner": 1}}, {"model": "website.banner", "pk": 1, "fields": {"name": "home_page", "creation_date": "2016-03-18", "last_edit_date": "2016-03-18"}}, {"model": "website.globalsettings", "pk": 1, "fields": {"company_name": "Mediaset corp", "emails": "amirr_ua@mail.ru,amirrpp@yandex.ru", "product_title": "\u043a\u0443\u043f\u0438\u0442\u044c <category> <product> \u0432 \u041a\u0438\u0435\u0432\u0435 \u043d\u0435\u0434\u043e\u0440\u043e\u0433\u043e - <company>", "product_description": "\u041e\u043f\u0438\u0441\u0430\u043d\u0438\u0435 <product> \u0438\u0437 \u043a\u0430\u0442\u0435\u0433\u043e\u0440\u0438\u0438 <category> \u043e\u0442 \u043a\u043e\u043c\u043f\u0430\u043d\u0438\u0438 <company>", "product_keywords": "\u043a\u043b\u044e\u0447\u0435\u0432\u044b\u0435 \u0441\u043b\u043e\u0432\u0430, <product>, <company>, <category>", "category_title": "\u043a\u0443\u043f\u0438\u0442\u044c <category> \u0432 \u041a\u0438\u0435\u0432\u0435 \u043d\u0435\u0434\u043e\u0440\u043e\u0433\u043e - <company>", "category_description": "\u041e\u043f\u0438\u0441\u0430\u043d\u0438\u0435 \u043a\u0430\u0442\u0435\u0433\u043e\u0440\u0438\u0438 <category> \u043e\u0442 \u043a\u043e\u043c\u043f\u0430\u043d\u0438\u0438 <company>", "category_keywords": "\u043a\u043b\u044e\u0447\u0435\u0432\u044b\u0435 \u0441\u043b\u043e\u0432\u0430, <company>, <category>", "static_page_title": "\u0421\u0442\u0440\u0430\u043d\u0438\u0446\u0430 <page_name> - <company>", "static_page_description": "\u041e\u043f\u0438\u0441\u0430\u043d\u0438\u0435 \u0441\u0442\u0440\u0430\u043d\u0438\u0446\u044b <page_name> \u043e\u0442 \u043a\u043e\u043c\u043f\u0430\u043d\u0438\u0438 <company>", "static_page_keywords": "\u043a\u043b\u044e\u0447\u0435\u0432\u044b\u0435 \u0441\u043b\u043e\u0432\u0430, <company>, <page_name>"}}, {"model": "webshop.productimageposition", "pk": 1, "fields": {"image_original": "image_positions/products/400x400.jpg", "cropping_large": "0,58,400,342", "cropping_medium": "0,65,400,335", "cropping_small": "0,72,400,328", "image_large": "/media/image_positions/products/400x400.jpg.960x680_q85_box-0%2C65%2C400%2C335_crop_detail.jpg", "image_medium": "/media/image_positions/products/400x400.jpg.400x270_q85_box-0%2C65%2C400%2C335_crop_detail.jpg", "image_small": "/media/image_positions/products/400x400.jpg.250x160_q85_box-0%2C65%2C400%2C335_crop_detail.jpg", "name": "tete", "title": null, "creation_date": "2016-03-16", "last_edit_date": "2016-03-16", "weight": 0, "active": true, "description": null, "product": 82}}, {"model": "webshop.productimageposition", "pk": 2, "fields": {"image_original": "image_positions/products/5ef18cae5c014c33ac5f0d388e1626a7.jpg", "cropping_large": "0,87,960,767", "cropping_medium": "0,103,960,751", "cropping_small": "0,120,960,734", "image_large": "/media/image_positions/products/5ef18cae5c014c33ac5f0d388e1626a7.jpg.960x680_q85_box-0%2C103%2C960%2C751_crop_detail.jpg", "image_medium": "/media/image_positions/products/5ef18cae5c014c33ac5f0d388e1626a7.jpg.400x270_q85_box-0%2C103%2C960%2C751_crop_detail.jpg", "image_small": "/media/image_positions/products/5ef18cae5c014c33ac5f0d388e1626a7.jpg.250x160_q85_box-0%2C103%2C960%2C751_crop_detail.jpg", "name": "etet", "title": null, "creation_date": "2016-03-16", "last_edit_date": "2016-03-16", "weight": 0, "active": true, "description": null, "product": 82}}, {"model": "webshop.sale", "pk": 1, "fields": {"name": "10 %", "percent": 10.0, "image": ""}}, {"model": "webshop.margin", "pk": 1, "fields": {"name": "10 %", "percent": 10.0}}, {"model": "webshop.deliveryrule", "pk": 1, "fields": {"code": "simple", "name": "\u041f\u0440\u043e\u0441\u0442\u0430\u044f", "from_mass": null, "to_mass": null, "price": 100.0}}, {"model": "webshop.deliveryrule", "pk": 2, "fields": {"code": "without_delivery", "name": "\u0411\u0435\u0437 \u0434\u043e\u0441\u0442\u0430\u0432\u043a\u0438", "from_mass": null, "to_mass": null, "price": 0.0}}, {"model": "webshop.deliveryrule", "pk": 3, "fields": {"code": "nova_poshta", "name": "\u041d\u0430\u0432\u0430\u044f \u041f\u043e\u0447\u0442\u0430", "from_mass": null, "to_mass": null, "price": 200.0}}, {"model": "webshop.manufacturer", "pk": 1, "fields": {"name": "Mediaset", "slug": "empty", "description": "", "image": ""}}, {"model": "webshop.manufacturer", "pk": 2, "fields": {"name": "Rich", "slug": "rich", "description": "", "image": ""}}, {"model": "webshop.manufacturer", "pk": 3, "fields": {"name": "Apple", "slug": "apple", "description": "", "image": ""}}, {"model": "webshop.product", "pk": 1, "fields": {"name": "\u041c\u043e\u0431\u0438\u043b\u044c\u043d\u044b\u0439 \u0442\u0435\u043b\u0435\u0444\u043e\u043d Apple iPhone 5c 8GB Space Gray", "code": "i5c1", "url": "mobilnyy-telefon-Apple-iPhone-5c-8GB-Space-Gray", "title": "", "default_price": 23999.0, "active": true, "first_text": "", "is_top": false, "is_new": false, "second_text": "", "meta_description": "", "meta_canonical": "", "meta_keywords": "", "meta_robots": "", "h1": "", "description": "", "manufacturer": 2, "date_on_add": "2016-03-18T13:57:41.252Z", "template": null, "special_proposition": null, "creation_date": "2016-03-15", "last_edit_date": "2016-03-18", "provider": 1, "category": 5, "weight": 0, "mass": 0.0, "sale": 1, "margin": null}}, {"model": "webshop.product", "pk": 2, "fields": {"name": "\u041c\u043e\u0431\u0438\u043b\u044c\u043d\u044b\u0439 \u0442\u0435\u043b\u0435\u0444\u043e\u043d Apple iPhone 5c 8GB Space Gray 2", "code": "mobilnyy-telefon-Apple-iPhone-5c-8GB-Space-Gray2", "url": "mobilnyy-telefon-Apple-iPhone-5c-8GB-Space-Gray_2", "title": null, "default_price": 23999.0, "active": true, "first_text": null, "is_top": false, "is_new": false, "second_text": null, "meta_description": null, "meta_canonical": null, "meta_keywords": null, "meta_robots": null, "h1": null, "description": null, "manufacturer": 2, "date_on_add": "2016-03-15T12:38:38.249Z", "template": null, "special_proposition": null, "creation_date": "2016-03-15", "last_edit_date": "2016-03-15", "provider": 1, "category": 5, "weight": 0, "mass": 0.0, "sale": null, "margin": null}}, {"model": "webshop.product", "pk": 3, "fields": {"name": "\u041c\u043e\u0431\u0438\u043b\u044c\u043d\u044b\u0439 \u0442\u0435\u043b\u0435\u0444\u043e\u043d Apple iPhone 5c 8GB Space Gray 3", "code": "mobilnyy-telefon-Apple-iPhone-5c-8GB-Space-Gray3", "url": "mobilnyy-telefon-Apple-iPhone-5c-8GB-Space-Gray_3", "title": null, "default_price": 24000.0, "active": true, "first_text": null, "is_top": false, "is_new": false, "second_text": null, "meta_description": null, "meta_canonical": null, "meta_keywords": null, "meta_robots": null, "h1": null, "description": null, "manufacturer": 2, "date_on_add": "2016-03-15T12:38:38.263Z", "template": null, "special_proposition": null, "creation_date": "2016-03-15", "last_edit_date": "2016-03-15", "provider": 1, "category": 5, "weight": 0, "mass": 0.0, "sale": null, "margin": null}}, {"model": "webshop.product", "pk": 4, "fields": {"name": "\u041c\u043e\u0431\u0438\u043b\u044c\u043d\u044b\u0439 \u0442\u0435\u043b\u0435\u0444\u043e\u043d Apple iPhone 5c 8GB Space Gray 4", "code": "mobilnyy-telefon-Apple-iPhone-5c-8GB-Space-Gray4", "url": "mobilnyy-telefon-Apple-iPhone-5c-8GB-Space-Gray_4", "title": null, "default_price": 24001.0, "active": true, "first_text": null, "is_top": false, "is_new": false, "second_text": null, "meta_description": null, "meta_canonical": null, "meta_keywords": null, "meta_robots": null, "h1": null, "description": null, "manufacturer": 2, "date_on_add": "2016-03-15T12:38:38.276Z", "template": null, "special_proposition": 1, "creation_date": "2016-03-15", "last_edit_date": "2016-03-15", "provider": 1, "category": 5, "weight": 0, "mass": 0.0, "sale": null, "margin": null}}, {"model": "webshop.product", "pk": 5, "fields": {"name": "\u041c\u043e\u0431\u0438\u043b\u044c\u043d\u044b\u0439 \u0442\u0435\u043b\u0435\u0444\u043e\u043d Apple iPhone 5c 8GB Space Gray 5", "code": "mobilnyy-telefon-Apple-iPhone-5c-8GB-Space-Gray5", "url": "mobilnyy-telefon-Apple-iPhone-5c-8GB-Space-Gray_5", "title": null, "default_price": 24002.0, "active": true, "first_text": null, "is_top": false, "is_new": false, "second_text": null, "meta_description": null, "meta_canonical": null, "meta_keywords": null, "meta_robots": null, "h1": null, "description": null, "manufacturer": 2, "date_on_add": "2016-03-15T12:38:38.293Z", "template": null, "special_proposition": null, "creation_date": "2016-03-15", "last_edit_date": "2016-03-15", "provider": 1, "category": 5, "weight": 0, "mass": 0.0, "sale": null, "margin": null}}, {"model": "webshop.product", "pk": 6, "fields": {"name": "\u041c\u043e\u0431\u0438\u043b\u044c\u043d\u044b\u0439 \u0442\u0435\u043b\u0435\u0444\u043e\u043d Apple iPhone 5c 8GB Space Gray 6", "code": "mobilnyy-telefon-Apple-iPhone-5c-8GB-Space-Gray6", "url": "mobilnyy-telefon-Apple-iPhone-5c-8GB-Space-Gray_6", "title": null, "default_price": 24003.0, "active": true, "first_text": null, "is_top": false, "is_new": false, "second_text": null, "meta_description": null, "meta_canonical": null, "meta_keywords": null, "meta_robots": null, "h1": null, "description": null, "manufacturer": 2, "date_on_add": "2016-03-15T12:38:38.303Z", "template": null, "special_proposition": null, "creation_date": "2016-03-15", "last_edit_date": "2016-03-15", "provider": 1, "category": 5, "weight": 0, "mass": 0.0, "sale": null, "margin": null}}, {"model": "webshop.product", "pk": 7, "fields": {"name": "\u041c\u043e\u0431\u0438\u043b\u044c\u043d\u044b\u0439 \u0442\u0435\u043b\u0435\u0444\u043e\u043d Apple iPhone 5c 8GB Space Gray 7", "code": "mobilnyy-telefon-Apple-iPhone-5c-8GB-Space-Gray7", "url": "mobilnyy-telefon-Apple-iPhone-5c-8GB-Space-Gray_7", "title": null, "default_price": 24004.0, "active": true, "first_text": null, "is_top": false, "is_new": false, "second_text": null, "meta_description": null, "meta_canonical": null, "meta_keywords": null, "meta_robots": null, "h1": null, "description": null, "manufacturer": 2, "date_on_add": "2016-03-15T12:38:38.313Z", "template": null, "special_proposition": null, "creation_date": "2016-03-15", "last_edit_date": "2016-03-15", "provider": 1, "category": 5, "weight": 0, "mass": 0.0, "sale": null, "margin": null}}, {"model": "webshop.product", "pk": 8, "fields": {"name": "\u041c\u043e\u0431\u0438\u043b\u044c\u043d\u044b\u0439 \u0442\u0435\u043b\u0435\u0444\u043e\u043d Apple iPhone 5c 8GB Space Gray 8", "code": "mobilnyy-telefon-Apple-iPhone-5c-8GB-Space-Gray8", "url": "mobilnyy-telefon-Apple-iPhone-5c-8GB-Space-Gray_8", "title": null, "default_price": 24005.0, "active": true, "first_text": null, "is_top": false, "is_new": false, "second_text": null, "meta_description": null, "meta_canonical": null, "meta_keywords": null, "meta_robots": null, "h1": null, "description": null, "manufacturer": 2, "date_on_add": "2016-03-15T12:38:38.320Z", "template": null, "special_proposition": null, "creation_date": "2016-03-15", "last_edit_date": "2016-03-15", "provider": 1, "category": 5, "weight": 0, "mass": 0.0, "sale": null, "margin": null}}, {"model": "webshop.product", "pk": 9, "fields": {"name": "\u041c\u043e\u0431\u0438\u043b\u044c\u043d\u044b\u0439 \u0442\u0435\u043b\u0435\u0444\u043e\u043d Apple iPhone 5c 8GB Space Gray 9", "code": "mobilnyy-telefon-Apple-iPhone-5c-8GB-Space-Gray9", "url": "mobilnyy-telefon-Apple-iPhone-5c-8GB-Space-Gray_9", "title": null, "default_price": 24006.0, "active": true, "first_text": null, "is_top": false, "is_new": false, "second_text": null, "meta_description": null, "meta_canonical": null, "meta_keywords": null, "meta_robots": null, "h1": null, "description": null, "manufacturer": 2, "date_on_add": "2016-03-15T12:38:38.327Z", "template": null, "special_proposition": null, "creation_date": "2016-03-15", "last_edit_date": "2016-03-15", "provider": 1, "category": 5, "weight": 0, "mass": 0.0, "sale": null, "margin": null}}, {"model": "webshop.product", "pk": 10, "fields": {"name": "\u041c\u043e\u0431\u0438\u043b\u044c\u043d\u044b\u0439 \u0442\u0435\u043b\u0435\u0444\u043e\u043d Apple iPhone 5c 8GB Space Gray 10", "code": "mobilnyy-telefon-Apple-iPhone-5c-8GB-Space-Gray10", "url": "mobilnyy-telefon-Apple-iPhone-5c-8GB-Space-Gray_10", "title": null, "default_price": 24007.0, "active": true, "first_text": null, "is_top": false, "is_new": false, "second_text": null, "meta_description": null, "meta_canonical": null, "meta_keywords": null, "meta_robots": null, "h1": null, "description": null, "manufacturer": 2, "date_on_add": "2016-03-15T12:38:38.333Z", "template": null, "special_proposition": null, "creation_date": "2016-03-15", "last_edit_date": "2016-03-15", "provider": 1, "category": 5, "weight": 0, "mass": 0.0, "sale": null, "margin": null}}, {"model": "webshop.product", "pk": 11, "fields": {"name": "\u041c\u043e\u0431\u0438\u043b\u044c\u043d\u044b\u0439 \u0442\u0435\u043b\u0435\u0444\u043e\u043d Apple iPhone 5c 8GB Space Gray 11", "code": "mobilnyy-telefon-Apple-iPhone-5c-8GB-Space-Gray11", "url": "mobilnyy-telefon-Apple-iPhone-5c-8GB-Space-Gray_11", "title": null, "default_price": 24008.0, "active": true, "first_text": null, "is_top": false, "is_new": false, "second_text": null, "meta_description": null, "meta_canonical": null, "meta_keywords": null, "meta_robots": null, "h1": null, "description": null, "manufacturer": 2, "date_on_add": "2016-03-15T12:38:38.339Z", "template": null, "special_proposition": null, "creation_date": "2016-03-15", "last_edit_date": "2016-03-15", "provider": 1, "category": 5, "weight": 0, "mass": 0.0, "sale": null, "margin": null}}, {"model": "webshop.product", "pk": 12, "fields": {"name": "\u041c\u043e\u0431\u0438\u043b\u044c\u043d\u044b\u0439 \u0442\u0435\u043b\u0435\u0444\u043e\u043d Apple iPhone 5c 8GB Space Gray 12", "code": "mobilnyy-telefon-Apple-iPhone-5c-8GB-Space-Gray12", "url": "mobilnyy-telefon-Apple-iPhone-5c-8GB-Space-Gray_12", "title": null, "default_price": 24009.0, "active": true, "first_text": null, "is_top": false, "is_new": false, "second_text": null, "meta_description": null, "meta_canonical": null, "meta_keywords": null, "meta_robots": null, "h1": null, "description": null, "manufacturer": 2, "date_on_add": "2016-03-15T12:38:38.346Z", "template": null, "special_proposition": null, "creation_date": "2016-03-15", "last_edit_date": "2016-03-15", "provider": 1, "category": 5, "weight": 0, "mass": 0.0, "sale": null, "margin": null}}, {"model": "webshop.product", "pk": 13, "fields": {"name": "\u041c\u043e\u0431\u0438\u043b\u044c\u043d\u044b\u0439 \u0442\u0435\u043b\u0435\u0444\u043e\u043d Apple iPhone 5c 8GB Space Gray 13", "code": "mobilnyy-telefon-Apple-iPhone-5c-8GB-Space-Gray13", "url": "mobilnyy-telefon-Apple-iPhone-5c-8GB-Space-Gray_13", "title": null, "default_price": 24010.0, "active": true, "first_text": null, "is_top": false, "is_new": false, "second_text": null, "meta_description": null, "meta_canonical": null, "meta_keywords": null, "meta_robots": null, "h1": null, "description": null, "manufacturer": 2, "date_on_add": "2016-03-15T12:38:38.352Z", "template": null, "special_proposition": null, "creation_date": "2016-03-15", "last_edit_date": "2016-03-15", "provider": 1, "category": 5, "weight": 0, "mass": 0.0, "sale": null, "margin": null}}, {"model": "webshop.product", "pk": 14, "fields": {"name": "\u041c\u043e\u0431\u0438\u043b\u044c\u043d\u044b\u0439 \u0442\u0435\u043b\u0435\u0444\u043e\u043d Apple iPhone 5c 8GB Space Gray 14", "code": "mobilnyy-telefon-Apple-iPhone-5c-8GB-Space-Gray14", "url": "mobilnyy-telefon-Apple-iPhone-5c-8GB-Space-Gray_14", "title": null, "default_price": 24011.0, "active": true, "first_text": null, "is_top": false, "is_new": false, "second_text": null, "meta_description": null, "meta_canonical": null, "meta_keywords": null, "meta_robots": null, "h1": null, "description": null, "manufacturer": 2, "date_on_add": "2016-03-15T12:38:38.365Z", "template": null, "special_proposition": null, "creation_date": "2016-03-15", "last_edit_date": "2016-03-15", "provider": 1, "category": 5, "weight": 0, "mass": 0.0, "sale": null, "margin": null}}, {"model": "webshop.product", "pk": 15, "fields": {"name": "\u041c\u043e\u0431\u0438\u043b\u044c\u043d\u044b\u0439 \u0442\u0435\u043b\u0435\u0444\u043e\u043d Apple iPhone 5c 8GB Space Gray 15", "code": "mobilnyy-telefon-Apple-iPhone-5c-8GB-Space-Gray15", "url": "mobilnyy-telefon-Apple-iPhone-5c-8GB-Space-Gray_15", "title": null, "default_price": 24012.0, "active": true, "first_text": null, "is_top": false, "is_new": false, "second_text": null, "meta_description": null, "meta_canonical": null, "meta_keywords": null, "meta_robots": null, "h1": null, "description": null, "manufacturer": 2, "date_on_add": "2016-03-15T12:38:38.371Z", "template": null, "special_proposition": 1, "creation_date": "2016-03-15", "last_edit_date": "2016-03-15", "provider": 1, "category": 5, "weight": 0, "mass": 0.0, "sale": null, "margin": null}}, {"model": "webshop.product", "pk": 16, "fields": {"name": "\u041c\u043e\u0431\u0438\u043b\u044c\u043d\u044b\u0439 \u0442\u0435\u043b\u0435\u0444\u043e\u043d Apple iPhone 5c 8GB Space Gray 16", "code": "mobilnyy-telefon-Apple-iPhone-5c-8GB-Space-Gray16", "url": "mobilnyy-telefon-Apple-iPhone-5c-8GB-Space-Gray_16", "title": null, "default_price": 24013.0, "active": true, "first_text": null, "is_top": false, "is_new": false, "second_text": null, "meta_description": null, "meta_canonical": null, "meta_keywords": null, "meta_robots": null, "h1": null, "description": null, "manufacturer": 2, "date_on_add": "2016-03-15T12:38:38.378Z", "template": null, "special_proposition": null, "creation_date": "2016-03-15", "last_edit_date": "2016-03-15", "provider": 1, "category": 5, "weight": 0, "mass": 0.0, "sale": null, "margin": null}}, {"model": "webshop.product", "pk": 17, "fields": {"name": "\u041c\u043e\u0431\u0438\u043b\u044c\u043d\u044b\u0439 \u0442\u0435\u043b\u0435\u0444\u043e\u043d Apple iPhone 5c 8GB Space Gray 17", "code": "mobilnyy-telefon-Apple-iPhone-5c-8GB-Space-Gray17", "url": "mobilnyy-telefon-Apple-iPhone-5c-8GB-Space-Gray_17", "title": null, "default_price": 24014.0, "active": true, "first_text": null, "is_top": false, "is_new": false, "second_text": null, "meta_description": null, "meta_canonical": null, "meta_keywords": null, "meta_robots": null, "h1": null, "description": null, "manufacturer": 2, "date_on_add": "2016-03-15T12:38:38.384Z", "template": null, "special_proposition": null, "creation_date": "2016-03-15", "last_edit_date": "2016-03-15", "provider": 1, "category": 5, "weight": 0, "mass": 0.0, "sale": null, "margin": null}}, {"model": "webshop.product", "pk": 18, "fields": {"name": "\u041c\u043e\u0431\u0438\u043b\u044c\u043d\u044b\u0439 \u0442\u0435\u043b\u0435\u0444\u043e\u043d Apple iPhone 5c 8GB Space Gray 18", "code": "mobilnyy-telefon-Apple-iPhone-5c-8GB-Space-Gray18", "url": "mobilnyy-telefon-Apple-iPhone-5c-8GB-Space-Gray_18", "title": null, "default_price": 24015.0, "active": true, "first_text": null, "is_top": false, "is_new": false, "second_text": null, "meta_description": null, "meta_canonical": null, "meta_keywords": null, "meta_robots": null, "h1": null, "description": null, "manufacturer": 2, "date_on_add": "2016-03-15T12:38:38.391Z", "template": null, "special_proposition": null, "creation_date": "2016-03-15", "last_edit_date": "2016-03-15", "provider": 1, "category": 5, "weight": 0, "mass": 0.0, "sale": null, "margin": null}}, {"model": "webshop.product", "pk": 19, "fields": {"name": "\u041c\u043e\u0431\u0438\u043b\u044c\u043d\u044b\u0439 \u0442\u0435\u043b\u0435\u0444\u043e\u043d Apple iPhone 5c 8GB Space Gray 19", "code": "mobilnyy-telefon-Apple-iPhone-5c-8GB-Space-Gray19", "url": "mobilnyy-telefon-Apple-iPhone-5c-8GB-Space-Gray_19", "title": null, "default_price": 24016.0, "active": true, "first_text": null, "is_top": false, "is_new": false, "second_text": null, "meta_description": null, "meta_canonical": null, "meta_keywords": null, "meta_robots": null, "h1": null, "description": null, "manufacturer": 2, "date_on_add": "2016-03-15T12:38:38.397Z", "template": null, "special_proposition": null, "creation_date": "2016-03-15", "last_edit_date": "2016-03-15", "provider": 1, "category": 5, "weight": 0, "mass": 0.0, "sale": null, "margin": null}}, {"model": "webshop.product", "pk": 20, "fields": {"name": "\u041c\u043e\u0431\u0438\u043b\u044c\u043d\u044b\u0439 \u0442\u0435\u043b\u0435\u0444\u043e\u043d Apple iPhone 5c 8GB Space Gray 20", "code": "mobilnyy-telefon-Apple-iPhone-5c-8GB-Space-Gray20", "url": "mobilnyy-telefon-Apple-iPhone-5c-8GB-Space-Gray_20", "title": null, "default_price": 24017.0, "active": true, "first_text": null, "is_top": false, "is_new": false, "second_text": null, "meta_description": null, "meta_canonical": null, "meta_keywords": null, "meta_robots": null, "h1": null, "description": null, "manufacturer": 2, "date_on_add": "2016-03-15T12:38:38.404Z", "template": null, "special_proposition": null, "creation_date": "2016-03-15", "last_edit_date": "2016-03-15", "provider": 1, "category": 5, "weight": 0, "mass": 0.0, "sale": null, "margin": null}}, {"model": "webshop.product", "pk": 21, "fields": {"name": "\u041c\u043e\u0431\u0438\u043b\u044c\u043d\u044b\u0439 \u0442\u0435\u043b\u0435\u0444\u043e\u043d Apple iPhone 5c 8GB Space Gray 21", "code": "mobilnyy-telefon-Apple-iPhone-5c-8GB-Space-Gray21", "url": "mobilnyy-telefon-Apple-iPhone-5c-8GB-Space-Gray_21", "title": null, "default_price": 24018.0, "active": true, "first_text": null, "is_top": false, "is_new": false, "second_text": null, "meta_description": null, "meta_canonical": null, "meta_keywords": null, "meta_robots": null, "h1": null, "description": null, "manufacturer": 2, "date_on_add": "2016-03-15T12:38:38.410Z", "template": null, "special_proposition": null, "creation_date": "2016-03-15", "last_edit_date": "2016-03-15", "provider": 1, "category": 5, "weight": 0, "mass": 0.0, "sale": null, "margin": null}}, {"model": "webshop.product", "pk": 22, "fields": {"name": "\u041c\u043e\u0431\u0438\u043b\u044c\u043d\u044b\u0439 \u0442\u0435\u043b\u0435\u0444\u043e\u043d Apple iPhone 5c 8GB Space Gray 22", "code": "mobilnyy-telefon-Apple-iPhone-5c-8GB-Space-Gray22", "url": "mobilnyy-telefon-Apple-iPhone-5c-8GB-Space-Gray_22", "title": null, "default_price": 24019.0, "active": true, "first_text": null, "is_top": false, "is_new": false, "second_text": null, "meta_description": null, "meta_canonical": null, "meta_keywords": null, "meta_robots": null, "h1": null, "description": null, "manufacturer": 2, "date_on_add": "2016-03-15T12:38:38.417Z", "template": null, "special_proposition": null, "creation_date": "2016-03-15", "last_edit_date": "2016-03-15", "provider": 1, "category": 5, "weight": 0, "mass": 0.0, "sale": null, "margin": null}}, {"model": "webshop.product", "pk": 23, "fields": {"name": "\u041c\u043e\u0431\u0438\u043b\u044c\u043d\u044b\u0439 \u0442\u0435\u043b\u0435\u0444\u043e\u043d Apple iPhone 5c 8GB Space Gray 23", "code": "mobilnyy-telefon-Apple-iPhone-5c-8GB-Space-Gray23", "url": "mobilnyy-telefon-Apple-iPhone-5c-8GB-Space-Gray_23", "title": null, "default_price": 24020.0, "active": true, "first_text": null, "is_top": false, "is_new": false, "second_text": null, "meta_description": null, "meta_canonical": null, "meta_keywords": null, "meta_robots": null, "h1": null, "description": null, "manufacturer": 2, "date_on_add": "2016-03-15T12:38:38.427Z", "template": null, "special_proposition": null, "creation_date": "2016-03-15", "last_edit_date": "2016-03-15", "provider": 1, "category": 5, "weight": 0, "mass": 0.0, "sale": null, "margin": null}}, {"model": "webshop.product", "pk": 24, "fields": {"name": "\u041c\u043e\u0431\u0438\u043b\u044c\u043d\u044b\u0439 \u0442\u0435\u043b\u0435\u0444\u043e\u043d Apple iPhone 5c 8GB Space Gray 24", "code": "mobilnyy-telefon-Apple-iPhone-5c-8GB-Space-Gray24", "url": "mobilnyy-telefon-Apple-iPhone-5c-8GB-Space-Gray_24", "title": null, "default_price": 24021.0, "active": true, "first_text": null, "is_top": false, "is_new": false, "second_text": null, "meta_description": null, "meta_canonical": null, "meta_keywords": null, "meta_robots": null, "h1": null, "description": null, "manufacturer": 2, "date_on_add": "2016-03-15T12:38:38.436Z", "template": null, "special_proposition": null, "creation_date": "2016-03-15", "last_edit_date": "2016-03-15", "provider": 1, "category": 5, "weight": 0, "mass": 0.0, "sale": null, "margin": null}}, {"model": "webshop.product", "pk": 25, "fields": {"name": "\u041c\u043e\u0431\u0438\u043b\u044c\u043d\u044b\u0439 \u0442\u0435\u043b\u0435\u0444\u043e\u043d Apple iPhone 5c 8GB Space Gray 25", "code": "mobilnyy-telefon-Apple-iPhone-5c-8GB-Space-Gray25", "url": "mobilnyy-telefon-Apple-iPhone-5c-8GB-Space-Gray_25", "title": null, "default_price": 24022.0, "active": true, "first_text": null, "is_top": false, "is_new": false, "second_text": null, "meta_description": null, "meta_canonical": null, "meta_keywords": null, "meta_robots": null, "h1": null, "description": null, "manufacturer": 2, "date_on_add": "2016-03-15T12:38:38.446Z", "template": null, "special_proposition": null, "creation_date": "2016-03-15", "last_edit_date": "2016-03-15", "provider": 1, "category": 5, "weight": 0, "mass": 0.0, "sale": null, "margin": null}}, {"model": "webshop.product", "pk": 26, "fields": {"name": "\u041c\u043e\u0431\u0438\u043b\u044c\u043d\u044b\u0439 \u0442\u0435\u043b\u0435\u0444\u043e\u043d Apple iPhone 5c 8GB Space Gray 26", "code": "mobilnyy-telefon-Apple-iPhone-5c-8GB-Space-Gray26", "url": "mobilnyy-telefon-Apple-iPhone-5c-8GB-Space-Gray_26", "title": null, "default_price": 24023.0, "active": true, "first_text": null, "is_top": false, "is_new": false, "second_text": null, "meta_description": null, "meta_canonical": null, "meta_keywords": null, "meta_robots": null, "h1": null, "description": null, "manufacturer": 2, "date_on_add": "2016-03-15T12:38:38.456Z", "template": null, "special_proposition": null, "creation_date": "2016-03-15", "last_edit_date": "2016-03-15", "provider": 1, "category": 5, "weight": 0, "mass": 0.0, "sale": null, "margin": null}}, {"model": "webshop.product", "pk": 27, "fields": {"name": "\u041c\u043e\u0431\u0438\u043b\u044c\u043d\u044b\u0439 \u0442\u0435\u043b\u0435\u0444\u043e\u043d Apple iPhone 5c 8GB Space Gray 27", "code": "mobilnyy-telefon-Apple-iPhone-5c-8GB-Space-Gray27", "url": "mobilnyy-telefon-Apple-iPhone-5c-8GB-Space-Gray_27", "title": null, "default_price": 24024.0, "active": true, "first_text": null, "is_top": false, "is_new": false, "second_text": null, "meta_description": null, "meta_canonical": null, "meta_keywords": null, "meta_robots": null, "h1": null, "description": null, "manufacturer": 2, "date_on_add": "2016-03-15T12:38:38.465Z", "template": null, "special_proposition": null, "creation_date": "2016-03-15", "last_edit_date": "2016-03-15", "provider": 1, "category": 5, "weight": 0, "mass": 0.0, "sale": null, "margin": null}}, {"model": "webshop.product", "pk": 28, "fields": {"name": "\u041c\u043e\u0431\u0438\u043b\u044c\u043d\u044b\u0439 \u0442\u0435\u043b\u0435\u0444\u043e\u043d Apple iPhone 5s 28", "code": "i5s28", "url": "i5s_28", "title": "", "default_price": 34025.0, "active": true, "first_text": "", "is_top": false, "is_new": false, "second_text": "", "meta_description": "", "meta_canonical": "", "meta_keywords": "", "meta_robots": "", "h1": "", "description": "", "manufacturer": 2, "date_on_add": "2016-03-18T13:57:12.927Z", "template": null, "special_proposition": null, "creation_date": "2016-03-15", "last_edit_date": "2016-03-18", "provider": 1, "category": 5, "weight": 0, "mass": 0.0, "sale": 1, "margin": null}}, {"model": "webshop.product", "pk": 29, "fields": {"name": "\u041c\u043e\u0431\u0438\u043b\u044c\u043d\u044b\u0439 \u0442\u0435\u043b\u0435\u0444\u043e\u043d Apple iPhone 5s 29", "code": "i5s29", "url": "i5s_29", "title": null, "default_price": 34026.0, "active": true, "first_text": null, "is_top": false, "is_new": false, "second_text": null, "meta_description": null, "meta_canonical": null, "meta_keywords": null, "meta_robots": null, "h1": null, "description": null, "manufacturer": 2, "date_on_add": "2016-03-15T12:42:54.992Z", "template": null, "special_proposition": null, "creation_date": "2016-03-15", "last_edit_date": "2016-03-15", "provider": 1, "category": 5, "weight": 0, "mass": 0.0, "sale": null, "margin": null}}, {"model": "webshop.product", "pk": 30, "fields": {"name": "\u041c\u043e\u0431\u0438\u043b\u044c\u043d\u044b\u0439 \u0442\u0435\u043b\u0435\u0444\u043e\u043d Apple iPhone 5s 30", "code": "i5s30", "url": "i5s_30", "title": null, "default_price": 34027.0, "active": true, "first_text": null, "is_top": false, "is_new": false, "second_text": null, "meta_description": null, "meta_canonical": null, "meta_keywords": null, "meta_robots": null, "h1": null, "description": null, "manufacturer": 2, "date_on_add": "2016-03-15T12:42:55.005Z", "template": null, "special_proposition": null, "creation_date": "2016-03-15", "last_edit_date": "2016-03-15", "provider": 1, "category": 5, "weight": 0, "mass": 0.0, "sale": null, "margin": null}}, {"model": "webshop.product", "pk": 31, "fields": {"name": "\u041c\u043e\u0431\u0438\u043b\u044c\u043d\u044b\u0439 \u0442\u0435\u043b\u0435\u0444\u043e\u043d Apple iPhone 5s 31", "code": "i5s31", "url": "i5s_31", "title": null, "default_price": 34028.0, "active": true, "first_text": null, "is_top": false, "is_new": false, "second_text": null, "meta_description": null, "meta_canonical": null, "meta_keywords": null, "meta_robots": null, "h1": null, "description": null, "manufacturer": 2, "date_on_add": "2016-03-15T12:42:55.021Z", "template": null, "special_proposition": null, "creation_date": "2016-03-15", "last_edit_date": "2016-03-15", "provider": 1, "category": 5, "weight": 0, "mass": 0.0, "sale": null, "margin": null}}, {"model": "webshop.product", "pk": 32, "fields": {"name": "\u041c\u043e\u0431\u0438\u043b\u044c\u043d\u044b\u0439 \u0442\u0435\u043b\u0435\u0444\u043e\u043d Apple iPhone 5s 32", "code": "i5s32", "url": "i5s_32", "title": null, "default_price": 34029.0, "active": true, "first_text": null, "is_top": false, "is_new": false, "second_text": null, "meta_description": null, "meta_canonical": null, "meta_keywords": null, "meta_robots": null, "h1": null, "description": null, "manufacturer": 2, "date_on_add": "2016-03-15T12:42:55.033Z", "template": null, "special_proposition": null, "creation_date": "2016-03-15", "last_edit_date": "2016-03-15", "provider": 1, "category": 5, "weight": 0, "mass": 0.0, "sale": null, "margin": null}}, {"model": "webshop.product", "pk": 33, "fields": {"name": "\u041c\u043e\u0431\u0438\u043b\u044c\u043d\u044b\u0439 \u0442\u0435\u043b\u0435\u0444\u043e\u043d Apple iPhone 5s 33", "code": "i5s33", "url": "i5s_33", "title": null, "default_price": 34030.0, "active": true, "first_text": null, "is_top": false, "is_new": false, "second_text": null, "meta_description": null, "meta_canonical": null, "meta_keywords": null, "meta_robots": null, "h1": null, "description": null, "manufacturer": 2, "date_on_add": "2016-03-15T12:42:55.050Z", "template": null, "special_proposition": null, "creation_date": "2016-03-15", "last_edit_date": "2016-03-15", "provider": 1, "category": 5, "weight": 0, "mass": 0.0, "sale": null, "margin": null}}, {"model": "webshop.product", "pk": 34, "fields": {"name": "\u041c\u043e\u0431\u0438\u043b\u044c\u043d\u044b\u0439 \u0442\u0435\u043b\u0435\u0444\u043e\u043d Apple iPhone 5s 34", "code": "i5s34", "url": "i5s_34", "title": null, "default_price": 34031.0, "active": true, "first_text": null, "is_top": false, "is_new": false, "second_text": null, "meta_description": null, "meta_canonical": null, "meta_keywords": null, "meta_robots": null, "h1": null, "description": null, "manufacturer": 2, "date_on_add": "2016-03-15T12:42:55.063Z", "template": null, "special_proposition": null, "creation_date": "2016-03-15", "last_edit_date": "2016-03-15", "provider": 1, "category": 5, "weight": 0, "mass": 0.0, "sale": null, "margin": null}}, {"model": "webshop.product", "pk": 35, "fields": {"name": "\u041c\u043e\u0431\u0438\u043b\u044c\u043d\u044b\u0439 \u0442\u0435\u043b\u0435\u0444\u043e\u043d Apple iPhone 5s 35", "code": "i5s35", "url": "i5s_35", "title": null, "default_price": 34032.0, "active": true, "first_text": null, "is_top": false, "is_new": false, "second_text": null, "meta_description": null, "meta_canonical": null, "meta_keywords": null, "meta_robots": null, "h1": null, "description": null, "manufacturer": 2, "date_on_add": "2016-03-15T12:42:55.075Z", "template": null, "special_proposition": null, "creation_date": "2016-03-15", "last_edit_date": "2016-03-15", "provider": 1, "category": 5, "weight": 0, "mass": 0.0, "sale": null, "margin": null}}, {"model": "webshop.product", "pk": 36, "fields": {"name": "\u041c\u043e\u0431\u0438\u043b\u044c\u043d\u044b\u0439 \u0442\u0435\u043b\u0435\u0444\u043e\u043d Apple iPhone 5s 36", "code": "i5s36", "url": "i5s_36", "title": null, "default_price": 34033.0, "active": true, "first_text": null, "is_top": false, "is_new": false, "second_text": null, "meta_description": null, "meta_canonical": null, "meta_keywords": null, "meta_robots": null, "h1": null, "description": null, "manufacturer": 2, "date_on_add": "2016-03-15T12:42:55.087Z", "template": null, "special_proposition": null, "creation_date": "2016-03-15", "last_edit_date": "2016-03-15", "provider": 1, "category": 5, "weight": 0, "mass": 0.0, "sale": null, "margin": null}}, {"model": "webshop.product", "pk": 37, "fields": {"name": "\u041c\u043e\u0431\u0438\u043b\u044c\u043d\u044b\u0439 \u0442\u0435\u043b\u0435\u0444\u043e\u043d Apple iPhone 5s 37", "code": "i5s37", "url": "i5s_37", "title": null, "default_price": 34034.0, "active": true, "first_text": null, "is_top": false, "is_new": false, "second_text": null, "meta_description": null, "meta_canonical": null, "meta_keywords": null, "meta_robots": null, "h1": null, "description": null, "manufacturer": 2, "date_on_add": "2016-03-15T12:42:55.096Z", "template": null, "special_proposition": null, "creation_date": "2016-03-15", "last_edit_date": "2016-03-15", "provider": 1, "category": 5, "weight": 0, "mass": 0.0, "sale": null, "margin": null}}, {"model": "webshop.product", "pk": 38, "fields": {"name": "\u041c\u043e\u0431\u0438\u043b\u044c\u043d\u044b\u0439 \u0442\u0435\u043b\u0435\u0444\u043e\u043d Apple iPhone 5s 38", "code": "i5s38", "url": "i5s_38", "title": null, "default_price": 34035.0, "active": true, "first_text": null, "is_top": false, "is_new": false, "second_text": null, "meta_description": null, "meta_canonical": null, "meta_keywords": null, "meta_robots": null, "h1": null, "description": null, "manufacturer": 2, "date_on_add": "2016-03-15T12:42:55.105Z", "template": null, "special_proposition": null, "creation_date": "2016-03-15", "last_edit_date": "2016-03-15", "provider": 1, "category": 5, "weight": 0, "mass": 0.0, "sale": null, "margin": null}}, {"model": "webshop.product", "pk": 39, "fields": {"name": "\u041c\u043e\u0431\u0438\u043b\u044c\u043d\u044b\u0439 \u0442\u0435\u043b\u0435\u0444\u043e\u043d Apple iPhone 5s 39", "code": "i5s39", "url": "i5s_39", "title": null, "default_price": 34036.0, "active": true, "first_text": null, "is_top": false, "is_new": false, "second_text": null, "meta_description": null, "meta_canonical": null, "meta_keywords": null, "meta_robots": null, "h1": null, "description": null, "manufacturer": 2, "date_on_add": "2016-03-15T12:42:55.112Z", "template": null, "special_proposition": null, "creation_date": "2016-03-15", "last_edit_date": "2016-03-15", "provider": 1, "category": 5, "weight": 0, "mass": 0.0, "sale": null, "margin": null}}, {"model": "webshop.product", "pk": 40, "fields": {"name": "\u041c\u043e\u0431\u0438\u043b\u044c\u043d\u044b\u0439 \u0442\u0435\u043b\u0435\u0444\u043e\u043d Apple iPhone 5s 40", "code": "i5s40", "url": "i5s_40", "title": null, "default_price": 34037.0, "active": true, "first_text": null, "is_top": false, "is_new": false, "second_text": null, "meta_description": null, "meta_canonical": null, "meta_keywords": null, "meta_robots": null, "h1": null, "description": null, "manufacturer": 2, "date_on_add": "2016-03-15T12:42:55.119Z", "template": null, "special_proposition": null, "creation_date": "2016-03-15", "last_edit_date": "2016-03-15", "provider": 1, "category": 5, "weight": 0, "mass": 0.0, "sale": null, "margin": null}}, {"model": "webshop.product", "pk": 41, "fields": {"name": "\u041c\u043e\u0431\u0438\u043b\u044c\u043d\u044b\u0439 \u0442\u0435\u043b\u0435\u0444\u043e\u043d Apple iPhone 5s 41", "code": "i5s41", "url": "i5s_41", "title": null, "default_price": 34038.0, "active": true, "first_text": null, "is_top": false, "is_new": false, "second_text": null, "meta_description": null, "meta_canonical": null, "meta_keywords": null, "meta_robots": null, "h1": null, "description": null, "manufacturer": 2, "date_on_add": "2016-03-15T12:42:55.126Z", "template": null, "special_proposition": null, "creation_date": "2016-03-15", "last_edit_date": "2016-03-15", "provider": 1, "category": 5, "weight": 0, "mass": 0.0, "sale": null, "margin": null}}, {"model": "webshop.product", "pk": 42, "fields": {"name": "\u041c\u043e\u0431\u0438\u043b\u044c\u043d\u044b\u0439 \u0442\u0435\u043b\u0435\u0444\u043e\u043d Apple iPhone 5s 42", "code": "i5s42", "url": "i5s_42", "title": null, "default_price": 34039.0, "active": true, "first_text": null, "is_top": false, "is_new": false, "second_text": null, "meta_description": null, "meta_canonical": null, "meta_keywords": null, "meta_robots": null, "h1": null, "description": null, "manufacturer": 2, "date_on_add": "2016-03-15T12:42:55.133Z", "template": null, "special_proposition": null, "creation_date": "2016-03-15", "last_edit_date": "2016-03-15", "provider": 1, "category": 5, "weight": 0, "mass": 0.0, "sale": null, "margin": null}}, {"model": "webshop.product", "pk": 43, "fields": {"name": "\u041c\u043e\u0431\u0438\u043b\u044c\u043d\u044b\u0439 \u0442\u0435\u043b\u0435\u0444\u043e\u043d Apple iPhone 5s 43", "code": "i5s43", "url": "i5s_43", "title": null, "default_price": 34040.0, "active": true, "first_text": null, "is_top": false, "is_new": false, "second_text": null, "meta_description": null, "meta_canonical": null, "meta_keywords": null, "meta_robots": null, "h1": null, "description": null, "manufacturer": 2, "date_on_add": "2016-03-15T12:42:55.139Z", "template": null, "special_proposition": null, "creation_date": "2016-03-15", "last_edit_date": "2016-03-15", "provider": 1, "category": 5, "weight": 0, "mass": 0.0, "sale": null, "margin": null}}, {"model": "webshop.product", "pk": 44, "fields": {"name": "\u041c\u043e\u0431\u0438\u043b\u044c\u043d\u044b\u0439 \u0442\u0435\u043b\u0435\u0444\u043e\u043d Apple iPhone 5s 44", "code": "i5s44", "url": "i5s_44", "title": null, "default_price": 34041.0, "active": true, "first_text": null, "is_top": false, "is_new": false, "second_text": null, "meta_description": null, "meta_canonical": null, "meta_keywords": null, "meta_robots": null, "h1": null, "description": null, "manufacturer": 2, "date_on_add": "2016-03-15T12:42:55.148Z", "template": null, "special_proposition": null, "creation_date": "2016-03-15", "last_edit_date": "2016-03-15", "provider": 1, "category": 5, "weight": 0, "mass": 0.0, "sale": null, "margin": null}}, {"model": "webshop.product", "pk": 45, "fields": {"name": "\u041c\u043e\u0431\u0438\u043b\u044c\u043d\u044b\u0439 \u0442\u0435\u043b\u0435\u0444\u043e\u043d Apple iPhone 5s 45", "code": "i5s45", "url": "i5s_45", "title": null, "default_price": 34042.0, "active": true, "first_text": null, "is_top": false, "is_new": false, "second_text": null, "meta_description": null, "meta_canonical": null, "meta_keywords": null, "meta_robots": null, "h1": null, "description": null, "manufacturer": 2, "date_on_add": "2016-03-15T12:42:55.159Z", "template": null, "special_proposition": null, "creation_date": "2016-03-15", "last_edit_date": "2016-03-15", "provider": 1, "category": 5, "weight": 0, "mass": 0.0, "sale": null, "margin": null}}, {"model": "webshop.product", "pk": 46, "fields": {"name": "\u041c\u043e\u0431\u0438\u043b\u044c\u043d\u044b\u0439 \u0442\u0435\u043b\u0435\u0444\u043e\u043d Apple iPhone 5s 46", "code": "i5s46", "url": "i5s_46", "title": null, "default_price": 34043.0, "active": true, "first_text": null, "is_top": false, "is_new": false, "second_text": null, "meta_description": null, "meta_canonical": null, "meta_keywords": null, "meta_robots": null, "h1": null, "description": null, "manufacturer": 2, "date_on_add": "2016-03-15T12:42:55.170Z", "template": null, "special_proposition": null, "creation_date": "2016-03-15", "last_edit_date": "2016-03-15", "provider": 1, "category": 5, "weight": 0, "mass": 0.0, "sale": null, "margin": null}}, {"model": "webshop.product", "pk": 47, "fields": {"name": "\u041c\u043e\u0431\u0438\u043b\u044c\u043d\u044b\u0439 \u0442\u0435\u043b\u0435\u0444\u043e\u043d Apple iPhone 5s 47", "code": "i5s47", "url": "i5s_47", "title": null, "default_price": 34044.0, "active": true, "first_text": null, "is_top": false, "is_new": false, "second_text": null, "meta_description": null, "meta_canonical": null, "meta_keywords": null, "meta_robots": null, "h1": null, "description": null, "manufacturer": 2, "date_on_add": "2016-03-15T12:42:55.177Z", "template": null, "special_proposition": null, "creation_date": "2016-03-15", "last_edit_date": "2016-03-15", "provider": 1, "category": 5, "weight": 0, "mass": 0.0, "sale": null, "margin": null}}, {"model": "webshop.product", "pk": 48, "fields": {"name": "\u041c\u043e\u0431\u0438\u043b\u044c\u043d\u044b\u0439 \u0442\u0435\u043b\u0435\u0444\u043e\u043d Apple iPhone 5s 48", "code": "i5s48", "url": "i5s_48", "title": null, "default_price": 34045.0, "active": true, "first_text": null, "is_top": false, "is_new": false, "second_text": null, "meta_description": null, "meta_canonical": null, "meta_keywords": null, "meta_robots": null, "h1": null, "description": null, "manufacturer": 2, "date_on_add": "2016-03-15T12:42:55.186Z", "template": null, "special_proposition": null, "creation_date": "2016-03-15", "last_edit_date": "2016-03-15", "provider": 1, "category": 5, "weight": 0, "mass": 0.0, "sale": null, "margin": null}}, {"model": "webshop.product", "pk": 49, "fields": {"name": "\u041c\u043e\u0431\u0438\u043b\u044c\u043d\u044b\u0439 \u0442\u0435\u043b\u0435\u0444\u043e\u043d Apple iPhone 5s 49", "code": "i5s49", "url": "i5s_49", "title": null, "default_price": 34046.0, "active": true, "first_text": null, "is_top": false, "is_new": false, "second_text": null, "meta_description": null, "meta_canonical": null, "meta_keywords": null, "meta_robots": null, "h1": null, "description": null, "manufacturer": 2, "date_on_add": "2016-03-15T12:42:55.195Z", "template": null, "special_proposition": null, "creation_date": "2016-03-15", "last_edit_date": "2016-03-15", "provider": 1, "category": 5, "weight": 0, "mass": 0.0, "sale": null, "margin": null}}, {"model": "webshop.product", "pk": 50, "fields": {"name": "\u041c\u043e\u0431\u0438\u043b\u044c\u043d\u044b\u0439 \u0442\u0435\u043b\u0435\u0444\u043e\u043d Apple iPhone 5s 50", "code": "i5s50", "url": "i5s_50", "title": "", "default_price": 34047.0, "active": true, "first_text": "", "is_top": false, "is_new": false, "second_text": "", "meta_description": "", "meta_canonical": "", "meta_keywords": "", "meta_robots": "", "h1": "", "description": "", "manufacturer": 2, "date_on_add": "2016-03-18T13:57:24.184Z", "template": null, "special_proposition": null, "creation_date": "2016-03-15", "last_edit_date": "2016-03-18", "provider": 1, "category": 5, "weight": 0, "mass": 0.0, "sale": 1, "margin": null}}, {"model": "webshop.product", "pk": 51, "fields": {"name": "\u041c\u043e\u0431\u0438\u043b\u044c\u043d\u044b\u0439 \u0442\u0435\u043b\u0435\u0444\u043e\u043d Apple iPhone 6 51", "code": "i6_51", "url": "i6__51", "title": null, "default_price": 54048.0, "active": true, "first_text": null, "is_top": false, "is_new": false, "second_text": null, "meta_description": null, "meta_canonical": null, "meta_keywords": null, "meta_robots": null, "h1": null, "description": null, "manufacturer": 3, "date_on_add": "2016-03-15T12:44:52.242Z", "template": null, "special_proposition": null, "creation_date": "2016-03-15", "last_edit_date": "2016-03-15", "provider": 1, "category": 5, "weight": 0, "mass": 0.0, "sale": null, "margin": null}}, {"model": "webshop.product", "pk": 52, "fields": {"name": "\u041c\u043e\u0431\u0438\u043b\u044c\u043d\u044b\u0439 \u0442\u0435\u043b\u0435\u0444\u043e\u043d Apple iPhone 6 52", "code": "i6_52", "url": "i6__52", "title": null, "default_price": 54049.0, "active": true, "first_text": null, "is_top": false, "is_new": false, "second_text": null, "meta_description": null, "meta_canonical": null, "meta_keywords": null, "meta_robots": null, "h1": null, "description": null, "manufacturer": 3, "date_on_add": "2016-03-15T12:44:52.254Z", "template": null, "special_proposition": null, "creation_date": "2016-03-15", "last_edit_date": "2016-03-15", "provider": 1, "category": 5, "weight": 0, "mass": 0.0, "sale": null, "margin": null}}, {"model": "webshop.product", "pk": 53, "fields": {"name": "\u041c\u043e\u0431\u0438\u043b\u044c\u043d\u044b\u0439 \u0442\u0435\u043b\u0435\u0444\u043e\u043d Apple iPhone 6 53", "code": "i6_53", "url": "i6__53", "title": null, "default_price": 54050.0, "active": true, "first_text": null, "is_top": false, "is_new": false, "second_text": null, "meta_description": null, "meta_canonical": null, "meta_keywords": null, "meta_robots": null, "h1": null, "description": null, "manufacturer": 3, "date_on_add": "2016-03-15T12:44:52.263Z", "template": null, "special_proposition": null, "creation_date": "2016-03-15", "last_edit_date": "2016-03-15", "provider": 1, "category": 5, "weight": 0, "mass": 0.0, "sale": null, "margin": null}}, {"model": "webshop.product", "pk": 54, "fields": {"name": "\u041c\u043e\u0431\u0438\u043b\u044c\u043d\u044b\u0439 \u0442\u0435\u043b\u0435\u0444\u043e\u043d Apple iPhone 6 54", "code": "i6_54", "url": "i6__54", "title": null, "default_price": 54051.0, "active": true, "first_text": null, "is_top": false, "is_new": false, "second_text": null, "meta_description": null, "meta_canonical": null, "meta_keywords": null, "meta_robots": null, "h1": null, "description": null, "manufacturer": 3, "date_on_add": "2016-03-15T12:44:52.269Z", "template": null, "special_proposition": null, "creation_date": "2016-03-15", "last_edit_date": "2016-03-15", "provider": 1, "category": 5, "weight": 0, "mass": 0.0, "sale": null, "margin": null}}, {"model": "webshop.product", "pk": 55, "fields": {"name": "\u041c\u043e\u0431\u0438\u043b\u044c\u043d\u044b\u0439 \u0442\u0435\u043b\u0435\u0444\u043e\u043d Apple iPhone 6 55", "code": "i6_55", "url": "i6__55", "title": null, "default_price": 54052.0, "active": true, "first_text": null, "is_top": false, "is_new": false, "second_text": null, "meta_description": null, "meta_canonical": null, "meta_keywords": null, "meta_robots": null, "h1": null, "description": null, "manufacturer": 3, "date_on_add": "2016-03-15T12:44:52.275Z", "template": null, "special_proposition": null, "creation_date": "2016-03-15", "last_edit_date": "2016-03-15", "provider": 1, "category": 5, "weight": 0, "mass": 0.0, "sale": null, "margin": null}}, {"model": "webshop.product", "pk": 56, "fields": {"name": "\u041c\u043e\u0431\u0438\u043b\u044c\u043d\u044b\u0439 \u0442\u0435\u043b\u0435\u0444\u043e\u043d Apple iPhone 6 56", "code": "i6_56", "url": "i6__56", "title": "", "default_price": 54053.0, "active": true, "first_text": "", "is_top": false, "is_new": false, "second_text": "", "meta_description": "", "meta_canonical": "", "meta_keywords": "", "meta_robots": "", "h1": "", "description": "", "manufacturer": 3, "date_on_add": "2016-03-18T14:01:04.800Z", "template": null, "special_proposition": 2, "creation_date": "2016-03-15", "last_edit_date": "2016-03-18", "provider": 1, "category": 5, "weight": 0, "mass": 0.0, "sale": null, "margin": null}}, {"model": "webshop.product", "pk": 57, "fields": {"name": "\u041c\u043e\u0431\u0438\u043b\u044c\u043d\u044b\u0439 \u0442\u0435\u043b\u0435\u0444\u043e\u043d Apple iPhone 6 57", "code": "i6_57", "url": "i6__57", "title": "", "default_price": 54054.0, "active": true, "first_text": "", "is_top": false, "is_new": false, "second_text": "", "meta_description": "", "meta_canonical": "", "meta_keywords": "", "meta_robots": "", "h1": "", "description": "", "manufacturer": 3, "date_on_add": "2016-03-18T14:00:51.934Z", "template": null, "special_proposition": 2, "creation_date": "2016-03-15", "last_edit_date": "2016-03-18", "provider": 1, "category": 5, "weight": 0, "mass": 0.0, "sale": null, "margin": null}}, {"model": "webshop.product", "pk": 58, "fields": {"name": "\u041c\u043e\u0431\u0438\u043b\u044c\u043d\u044b\u0439 \u0442\u0435\u043b\u0435\u0444\u043e\u043d Apple iPhone 6 58", "code": "i6_58", "url": "i6__58", "title": null, "default_price": 54055.0, "active": true, "first_text": null, "is_top": false, "is_new": false, "second_text": null, "meta_description": null, "meta_canonical": null, "meta_keywords": null, "meta_robots": null, "h1": null, "description": null, "manufacturer": 3, "date_on_add": "2016-03-15T12:44:52.305Z", "template": null, "special_proposition": null, "creation_date": "2016-03-15", "last_edit_date": "2016-03-15", "provider": 1, "category": 5, "weight": 0, "mass": 0.0, "sale": null, "margin": null}}, {"model": "webshop.product", "pk": 59, "fields": {"name": "\u041c\u043e\u0431\u0438\u043b\u044c\u043d\u044b\u0439 \u0442\u0435\u043b\u0435\u0444\u043e\u043d Apple iPhone 6 59", "code": "i6_59", "url": "i6__59", "title": "", "default_price": 54056.0, "active": true, "first_text": "", "is_top": false, "is_new": false, "second_text": "", "meta_description": "", "meta_canonical": "", "meta_keywords": "", "meta_robots": "", "h1": "", "description": "", "manufacturer": 3, "date_on_add": "2016-03-18T14:00:39.667Z", "template": null, "special_proposition": 2, "creation_date": "2016-03-15", "last_edit_date": "2016-03-18", "provider": 1, "category": 5, "weight": 0, "mass": 0.0, "sale": null, "margin": null}}, {"model": "webshop.product", "pk": 60, "fields": {"name": "\u041c\u043e\u0431\u0438\u043b\u044c\u043d\u044b\u0439 \u0442\u0435\u043b\u0435\u0444\u043e\u043d Apple iPhone 6 60", "code": "i6_60", "url": "i6__60", "title": null, "default_price": 54057.0, "active": true, "first_text": null, "is_top": false, "is_new": false, "second_text": null, "meta_description": null, "meta_canonical": null, "meta_keywords": null, "meta_robots": null, "h1": null, "description": null, "manufacturer": 3, "date_on_add": "2016-03-15T12:44:52.316Z", "template": null, "special_proposition": null, "creation_date": "2016-03-15", "last_edit_date": "2016-03-15", "provider": 1, "category": 5, "weight": 0, "mass": 0.0, "sale": null, "margin": null}}, {"model": "webshop.product", "pk": 61, "fields": {"name": "\u041c\u043e\u0431\u0438\u043b\u044c\u043d\u044b\u0439 \u0442\u0435\u043b\u0435\u0444\u043e\u043d Apple iPhone 6 61", "code": "i6_61", "url": "i6__61", "title": null, "default_price": 54058.0, "active": true, "first_text": null, "is_top": false, "is_new": false, "second_text": null, "meta_description": null, "meta_canonical": null, "meta_keywords": null, "meta_robots": null, "h1": null, "description": null, "manufacturer": 3, "date_on_add": "2016-03-15T12:44:52.322Z", "template": null, "special_proposition": null, "creation_date": "2016-03-15", "last_edit_date": "2016-03-15", "provider": 1, "category": 5, "weight": 0, "mass": 0.0, "sale": null, "margin": null}}, {"model": "webshop.product", "pk": 62, "fields": {"name": "\u041c\u043e\u0431\u0438\u043b\u044c\u043d\u044b\u0439 \u0442\u0435\u043b\u0435\u0444\u043e\u043d Apple iPhone 6 62", "code": "i6_62", "url": "i6__62", "title": null, "default_price": 54059.0, "active": true, "first_text": null, "is_top": false, "is_new": false, "second_text": null, "meta_description": null, "meta_canonical": null, "meta_keywords": null, "meta_robots": null, "h1": null, "description": null, "manufacturer": 3, "date_on_add": "2016-03-15T12:44:52.329Z", "template": null, "special_proposition": null, "creation_date": "2016-03-15", "last_edit_date": "2016-03-15", "provider": 1, "category": 5, "weight": 0, "mass": 0.0, "sale": null, "margin": null}}, {"model": "webshop.product", "pk": 63, "fields": {"name": "\u041c\u043e\u0431\u0438\u043b\u044c\u043d\u044b\u0439 \u0442\u0435\u043b\u0435\u0444\u043e\u043d Apple iPhone 6 63", "code": "i6_63", "url": "i6__63", "title": null, "default_price": 54060.0, "active": true, "first_text": null, "is_top": false, "is_new": false, "second_text": null, "meta_description": null, "meta_canonical": null, "meta_keywords": null, "meta_robots": null, "h1": null, "description": null, "manufacturer": 3, "date_on_add": "2016-03-15T12:44:52.336Z", "template": null, "special_proposition": null, "creation_date": "2016-03-15", "last_edit_date": "2016-03-15", "provider": 1, "category": 5, "weight": 0, "mass": 0.0, "sale": null, "margin": null}}, {"model": "webshop.product", "pk": 64, "fields": {"name": "\u041c\u043e\u0431\u0438\u043b\u044c\u043d\u044b\u0439 \u0442\u0435\u043b\u0435\u0444\u043e\u043d Apple iPhone 6 64", "code": "i6_64", "url": "i6__64", "title": "", "default_price": 54061.0, "active": true, "first_text": "", "is_top": false, "is_new": false, "second_text": "", "meta_description": "", "meta_canonical": "", "meta_keywords": "", "meta_robots": "", "h1": "", "description": "", "manufacturer": 3, "date_on_add": "2016-03-18T14:00:08.880Z", "template": null, "special_proposition": 2, "creation_date": "2016-03-15", "last_edit_date": "2016-03-18", "provider": 1, "category": 5, "weight": 0, "mass": 0.0, "sale": null, "margin": null}}, {"model": "webshop.product", "pk": 65, "fields": {"name": "\u041c\u043e\u0431\u0438\u043b\u044c\u043d\u044b\u0439 \u0442\u0435\u043b\u0435\u0444\u043e\u043d Apple iPhone 6 65", "code": "i6_65", "url": "i6__65", "title": null, "default_price": 54062.0, "active": true, "first_text": null, "is_top": false, "is_new": false, "second_text": null, "meta_description": null, "meta_canonical": null, "meta_keywords": null, "meta_robots": null, "h1": null, "description": null, "manufacturer": 3, "date_on_add": "2016-03-15T12:44:52.350Z", "template": null, "special_proposition": null, "creation_date": "2016-03-15", "last_edit_date": "2016-03-15", "provider": 1, "category": 5, "weight": 0, "mass": 0.0, "sale": null, "margin": null}}, {"model": "webshop.product", "pk": 66, "fields": {"name": "\u041c\u043e\u0431\u0438\u043b\u044c\u043d\u044b\u0439 \u0442\u0435\u043b\u0435\u0444\u043e\u043d Apple iPhone 6 66", "code": "i6_66", "url": "i6__66", "title": null, "default_price": 54063.0, "active": true, "first_text": null, "is_top": false, "is_new": false, "second_text": null, "meta_description": null, "meta_canonical": null, "meta_keywords": null, "meta_robots": null, "h1": null, "description": null, "manufacturer": 3, "date_on_add": "2016-03-15T12:44:52.359Z", "template": null, "special_proposition": null, "creation_date": "2016-03-15", "last_edit_date": "2016-03-15", "provider": 1, "category": 5, "weight": 0, "mass": 0.0, "sale": null, "margin": null}}, {"model": "webshop.product", "pk": 67, "fields": {"name": "\u041c\u043e\u0431\u0438\u043b\u044c\u043d\u044b\u0439 \u0442\u0435\u043b\u0435\u0444\u043e\u043d Apple iPhone 6 67", "code": "i6_67", "url": "i6__67", "title": "", "default_price": 54064.0, "active": true, "first_text": "", "is_top": false, "is_new": false, "second_text": "", "meta_description": "", "meta_canonical": "", "meta_keywords": "", "meta_robots": "", "h1": "", "description": "", "manufacturer": 3, "date_on_add": "2016-03-18T13:59:44.725Z", "template": null, "special_proposition": 1, "creation_date": "2016-03-15", "last_edit_date": "2016-03-18", "provider": 1, "category": 5, "weight": 0, "mass": 0.0, "sale": null, "margin": null}}, {"model": "webshop.product", "pk": 68, "fields": {"name": "\u041c\u043e\u0431\u0438\u043b\u044c\u043d\u044b\u0439 \u0442\u0435\u043b\u0435\u0444\u043e\u043d Apple iPhone 6 68", "code": "i6_68", "url": "i6__68", "title": null, "default_price": 54065.0, "active": true, "first_text": null, "is_top": false, "is_new": false, "second_text": null, "meta_description": null, "meta_canonical": null, "meta_keywords": null, "meta_robots": null, "h1": null, "description": null, "manufacturer": 3, "date_on_add": "2016-03-15T12:44:52.375Z", "template": null, "special_proposition": null, "creation_date": "2016-03-15", "last_edit_date": "2016-03-15", "provider": 1, "category": 5, "weight": 0, "mass": 0.0, "sale": null, "margin": null}}, {"model": "webshop.product", "pk": 69, "fields": {"name": "\u041c\u043e\u0431\u0438\u043b\u044c\u043d\u044b\u0439 \u0442\u0435\u043b\u0435\u0444\u043e\u043d Apple iPhone 6 69", "code": "i6_69", "url": "i6__69", "title": null, "default_price": 54066.0, "active": true, "first_text": null, "is_top": false, "is_new": false, "second_text": null, "meta_description": null, "meta_canonical": null, "meta_keywords": null, "meta_robots": null, "h1": null, "description": null, "manufacturer": 3, "date_on_add": "2016-03-15T12:44:52.383Z", "template": null, "special_proposition": null, "creation_date": "2016-03-15", "last_edit_date": "2016-03-15", "provider": 1, "category": 5, "weight": 0, "mass": 0.0, "sale": null, "margin": null}}, {"model": "webshop.product", "pk": 70, "fields": {"name": "\u041c\u043e\u0431\u0438\u043b\u044c\u043d\u044b\u0439 \u0442\u0435\u043b\u0435\u0444\u043e\u043d Apple iPhone 6 70", "code": "i6_70", "url": "i6__70", "title": null, "default_price": 54067.0, "active": true, "first_text": null, "is_top": false, "is_new": false, "second_text": null, "meta_description": null, "meta_canonical": null, "meta_keywords": null, "meta_robots": null, "h1": null, "description": null, "manufacturer": 3, "date_on_add": "2016-03-15T12:44:52.390Z", "template": null, "special_proposition": null, "creation_date": "2016-03-15", "last_edit_date": "2016-03-15", "provider": 1, "category": 5, "weight": 0, "mass": 0.0, "sale": null, "margin": null}}, {"model": "webshop.product", "pk": 71, "fields": {"name": "\u041c\u043e\u0431\u0438\u043b\u044c\u043d\u044b\u0439 \u0442\u0435\u043b\u0435\u0444\u043e\u043d Apple iPhone 6 71", "code": "i6_71", "url": "i6__71", "title": null, "default_price": 54068.0, "active": true, "first_text": null, "is_top": false, "is_new": false, "second_text": null, "meta_description": null, "meta_canonical": null, "meta_keywords": null, "meta_robots": null, "h1": null, "description": null, "manufacturer": 3, "date_on_add": "2016-03-15T12:44:52.396Z", "template": null, "special_proposition": null, "creation_date": "2016-03-15", "last_edit_date": "2016-03-15", "provider": 1, "category": 5, "weight": 0, "mass": 0.0, "sale": null, "margin": null}}, {"model": "webshop.product", "pk": 72, "fields": {"name": "\u041c\u043e\u0431\u0438\u043b\u044c\u043d\u044b\u0439 \u0442\u0435\u043b\u0435\u0444\u043e\u043d Apple iPhone 6 72", "code": "i6_72", "url": "i6__72", "title": null, "default_price": 54069.0, "active": true, "first_text": null, "is_top": false, "is_new": false, "second_text": null, "meta_description": null, "meta_canonical": null, "meta_keywords": null, "meta_robots": null, "h1": null, "description": null, "manufacturer": 3, "date_on_add": "2016-03-15T12:44:52.402Z", "template": null, "special_proposition": null, "creation_date": "2016-03-15", "last_edit_date": "2016-03-15", "provider": 1, "category": 5, "weight": 0, "mass": 0.0, "sale": null, "margin": null}}, {"model": "webshop.product", "pk": 73, "fields": {"name": "\u041c\u043e\u0431\u0438\u043b\u044c\u043d\u044b\u0439 \u0442\u0435\u043b\u0435\u0444\u043e\u043d Apple iPhone 6 73", "code": "i6_73", "url": "i6__73", "title": null, "default_price": 54070.0, "active": true, "first_text": null, "is_top": false, "is_new": false, "second_text": null, "meta_description": null, "meta_canonical": null, "meta_keywords": null, "meta_robots": null, "h1": null, "description": null, "manufacturer": 3, "date_on_add": "2016-03-15T12:44:52.411Z", "template": null, "special_proposition": null, "creation_date": "2016-03-15", "last_edit_date": "2016-03-15", "provider": 1, "category": 5, "weight": 0, "mass": 0.0, "sale": null, "margin": null}}, {"model": "webshop.product", "pk": 74, "fields": {"name": "\u041c\u043e\u0431\u0438\u043b\u044c\u043d\u044b\u0439 \u0442\u0435\u043b\u0435\u0444\u043e\u043d Apple iPhone 6 74", "code": "i6_74", "url": "i6__74", "title": null, "default_price": 54071.0, "active": true, "first_text": null, "is_top": false, "is_new": false, "second_text": null, "meta_description": null, "meta_canonical": null, "meta_keywords": null, "meta_robots": null, "h1": null, "description": null, "manufacturer": 3, "date_on_add": "2016-03-15T12:44:52.419Z", "template": null, "special_proposition": null, "creation_date": "2016-03-15", "last_edit_date": "2016-03-15", "provider": 1, "category": 5, "weight": 0, "mass": 0.0, "sale": null, "margin": null}}, {"model": "webshop.product", "pk": 75, "fields": {"name": "\u041c\u043e\u0431\u0438\u043b\u044c\u043d\u044b\u0439 \u0442\u0435\u043b\u0435\u0444\u043e\u043d Apple iPhone 6 75", "code": "i6_75", "url": "i6__75", "title": null, "default_price": 54072.0, "active": true, "first_text": null, "is_top": false, "is_new": false, "second_text": null, "meta_description": null, "meta_canonical": null, "meta_keywords": null, "meta_robots": null, "h1": null, "description": null, "manufacturer": 3, "date_on_add": "2016-03-15T12:44:52.429Z", "template": null, "special_proposition": null, "creation_date": "2016-03-15", "last_edit_date": "2016-03-15", "provider": 1, "category": 5, "weight": 0, "mass": 0.0, "sale": null, "margin": null}}, {"model": "webshop.product", "pk": 76, "fields": {"name": "\u041c\u043e\u0431\u0438\u043b\u044c\u043d\u044b\u0439 \u0442\u0435\u043b\u0435\u0444\u043e\u043d Apple iPhone 6 76", "code": "i6_76", "url": "i6__76", "title": null, "default_price": 54073.0, "active": true, "first_text": null, "is_top": false, "is_new": false, "second_text": null, "meta_description": null, "meta_canonical": null, "meta_keywords": null, "meta_robots": null, "h1": null, "description": null, "manufacturer": 3, "date_on_add": "2016-03-15T12:44:52.436Z", "template": null, "special_proposition": null, "creation_date": "2016-03-15", "last_edit_date": "2016-03-15", "provider": 1, "category": 5, "weight": 0, "mass": 0.0, "sale": null, "margin": null}}, {"model": "webshop.product", "pk": 77, "fields": {"name": "\u041c\u043e\u0431\u0438\u043b\u044c\u043d\u044b\u0439 \u0442\u0435\u043b\u0435\u0444\u043e\u043d Apple iPhone 6 77", "code": "i6_77", "url": "i6__77", "title": null, "default_price": 54074.0, "active": true, "first_text": null, "is_top": false, "is_new": false, "second_text": null, "meta_description": null, "meta_canonical": null, "meta_keywords": null, "meta_robots": null, "h1": null, "description": null, "manufacturer": 3, "date_on_add": "2016-03-15T12:44:52.442Z", "template": null, "special_proposition": null, "creation_date": "2016-03-15", "last_edit_date": "2016-03-15", "provider": 1, "category": 5, "weight": 0, "mass": 0.0, "sale": null, "margin": null}}, {"model": "webshop.product", "pk": 78, "fields": {"name": "\u041c\u043e\u0431\u0438\u043b\u044c\u043d\u044b\u0439 \u0442\u0435\u043b\u0435\u0444\u043e\u043d Apple iPhone 6s and others 78", "code": "i6s78", "url": "i6s_78", "title": null, "default_price": 84075.0, "active": true, "first_text": null, "is_top": false, "is_new": false, "second_text": null, "meta_description": null, "meta_canonical": null, "meta_keywords": null, "meta_robots": null, "h1": null, "description": null, "manufacturer": 3, "date_on_add": "2016-03-15T12:46:00.716Z", "template": null, "special_proposition": null, "creation_date": "2016-03-15", "last_edit_date": "2016-03-15", "provider": 1, "category": 5, "weight": 0, "mass": 0.0, "sale": null, "margin": null}}, {"model": "webshop.product", "pk": 79, "fields": {"name": "\u041c\u043e\u0431\u0438\u043b\u044c\u043d\u044b\u0439 \u0442\u0435\u043b\u0435\u0444\u043e\u043d Apple iPhone 6s and others 79", "code": "i6s79", "url": "i6s_79", "title": null, "default_price": 84076.0, "active": true, "first_text": null, "is_top": false, "is_new": false, "second_text": null, "meta_description": null, "meta_canonical": null, "meta_keywords": null, "meta_robots": null, "h1": null, "description": null, "manufacturer": 3, "date_on_add": "2016-03-15T12:46:00.730Z", "template": null, "special_proposition": null, "creation_date": "2016-03-15", "last_edit_date": "2016-03-15", "provider": 1, "category": 5, "weight": 0, "mass": 0.0, "sale": null, "margin": null}}, {"model": "webshop.product", "pk": 80, "fields": {"name": "\u041c\u043e\u0431\u0438\u043b\u044c\u043d\u044b\u0439 \u0442\u0435\u043b\u0435\u0444\u043e\u043d Apple iPhone 6s and others 80", "code": "i6s80", "url": "i6s_80", "title": null, "default_price": 84077.0, "active": true, "first_text": null, "is_top": false, "is_new": false, "second_text": null, "meta_description": null, "meta_canonical": null, "meta_keywords": null, "meta_robots": null, "h1": null, "description": null, "manufacturer": 3, "date_on_add": "2016-03-15T12:46:00.742Z", "template": null, "special_proposition": null, "creation_date": "2016-03-15", "last_edit_date": "2016-03-15", "provider": 1, "category": 5, "weight": 0, "mass": 0.0, "sale": null, "margin": null}}, {"model": "webshop.product", "pk": 81, "fields": {"name": "\u041c\u043e\u0431\u0438\u043b\u044c\u043d\u044b\u0439 \u0442\u0435\u043b\u0435\u0444\u043e\u043d Apple iPhone 6s and others 81", "code": "i6s81", "url": "i6s_81", "title": null, "default_price": 84078.0, "active": true, "first_text": null, "is_top": false, "is_new": false, "second_text": null, "meta_description": null, "meta_canonical": null, "meta_keywords": null, "meta_robots": null, "h1": null, "description": null, "manufacturer": 3, "date_on_add": "2016-03-15T12:46:00.756Z", "template": null, "special_proposition": null, "creation_date": "2016-03-15", "last_edit_date": "2016-03-15", "provider": 1, "category": 5, "weight": 0, "mass": 0.0, "sale": null, "margin": null}}, {"model": "webshop.product", "pk": 82, "fields": {"name": "\u041c\u043e\u0431\u0438\u043b\u044c\u043d\u044b\u0439 \u0442\u0435\u043b\u0435\u0444\u043e\u043d Apple iPhone 6s and others 82", "code": "i6s82", "url": "i6s_82", "title": "", "default_price": 84079.0, "active": true, "first_text": "", "is_top": false, "is_new": false, "second_text": "", "meta_description": "", "meta_canonical": "", "meta_keywords": "", "meta_robots": "", "h1": "", "description": "", "manufacturer": 3, "date_on_add": "2016-03-17T09:17:57.672Z", "template": null, "special_proposition": null, "creation_date": "2016-03-15", "last_edit_date": "2016-03-17", "provider": 1, "category": 5, "weight": 0, "mass": 0.0, "sale": 1, "margin": null}}, {"model": "webshop.product", "pk": 83, "fields": {"name": "\u041c\u043e\u0431\u0438\u043b\u044c\u043d\u044b\u0439 \u0442\u0435\u043b\u0435\u0444\u043e\u043d Apple iPhone 6s and others 83", "code": "i6s83", "url": "i6s_83", "title": null, "default_price": 84080.0, "active": true, "first_text": null, "is_top": false, "is_new": false, "second_text": null, "meta_description": null, "meta_canonical": null, "meta_keywords": null, "meta_robots": null, "h1": null, "description": null, "manufacturer": 3, "date_on_add": "2016-03-15T12:46:00.776Z", "template": null, "special_proposition": null, "creation_date": "2016-03-15", "last_edit_date": "2016-03-15", "provider": 1, "category": 5, "weight": 0, "mass": 0.0, "sale": null, "margin": null}}, {"model": "webshop.product", "pk": 84, "fields": {"name": "\u041c\u043e\u0431\u0438\u043b\u044c\u043d\u044b\u0439 \u0442\u0435\u043b\u0435\u0444\u043e\u043d Apple iPhone 6s and others 84", "code": "i6s84", "url": "i6s_84", "title": "", "default_price": 84081.0, "active": true, "first_text": "", "is_top": false, "is_new": false, "second_text": "", "meta_description": "", "meta_canonical": "", "meta_keywords": "", "meta_robots": "", "h1": "", "description": "", "manufacturer": 3, "date_on_add": "2016-03-18T13:59:31.104Z", "template": null, "special_proposition": 1, "creation_date": "2016-03-15", "last_edit_date": "2016-03-18", "provider": 1, "category": 5, "weight": 0, "mass": 0.0, "sale": null, "margin": null}}, {"model": "webshop.product", "pk": 85, "fields": {"name": "\u041c\u043e\u0431\u0438\u043b\u044c\u043d\u044b\u0439 \u0442\u0435\u043b\u0435\u0444\u043e\u043d Apple iPhone 6s and others 85", "code": "i6s85", "url": "i6s_85", "title": null, "default_price": 84082.0, "active": true, "first_text": null, "is_top": false, "is_new": false, "second_text": null, "meta_description": null, "meta_canonical": null, "meta_keywords": null, "meta_robots": null, "h1": null, "description": null, "manufacturer": 3, "date_on_add": "2016-03-15T12:46:00.793Z", "template": null, "special_proposition": null, "creation_date": "2016-03-15", "last_edit_date": "2016-03-15", "provider": 1, "category": 5, "weight": 0, "mass": 0.0, "sale": null, "margin": null}}, {"model": "webshop.product", "pk": 86, "fields": {"name": "\u041c\u043e\u0431\u0438\u043b\u044c\u043d\u044b\u0439 \u0442\u0435\u043b\u0435\u0444\u043e\u043d Apple iPhone 6s and others 86", "code": "i6s86", "url": "i6s_86", "title": null, "default_price": 84083.0, "active": true, "first_text": null, "is_top": false, "is_new": false, "second_text": null, "meta_description": null, "meta_canonical": null, "meta_keywords": null, "meta_robots": null, "h1": null, "description": null, "manufacturer": 3, "date_on_add": "2016-03-15T12:46:00.801Z", "template": null, "special_proposition": null, "creation_date": "2016-03-15", "last_edit_date": "2016-03-15", "provider": 1, "category": 5, "weight": 0, "mass": 0.0, "sale": null, "margin": null}}, {"model": "webshop.product", "pk": 87, "fields": {"name": "\u041c\u043e\u0431\u0438\u043b\u044c\u043d\u044b\u0439 \u0442\u0435\u043b\u0435\u0444\u043e\u043d Apple iPhone 6s and others 87", "code": "i6s87", "url": "i6s_87", "title": null, "default_price": 84084.0, "active": true, "first_text": null, "is_top": false, "is_new": false, "second_text": null, "meta_description": null, "meta_canonical": null, "meta_keywords": null, "meta_robots": null, "h1": null, "description": null, "manufacturer": 3, "date_on_add": "2016-03-15T12:46:00.810Z", "template": null, "special_proposition": null, "creation_date": "2016-03-15", "last_edit_date": "2016-03-15", "provider": 1, "category": 5, "weight": 0, "mass": 0.0, "sale": null, "margin": null}}, {"model": "webshop.product", "pk": 88, "fields": {"name": "\u041c\u043e\u0431\u0438\u043b\u044c\u043d\u044b\u0439 \u0442\u0435\u043b\u0435\u0444\u043e\u043d Apple iPhone 6s and others 88", "code": "i6s88", "url": "i6s_88", "title": null, "default_price": 84085.0, "active": true, "first_text": null, "is_top": false, "is_new": false, "second_text": null, "meta_description": null, "meta_canonical": null, "meta_keywords": null, "meta_robots": null, "h1": null, "description": null, "manufacturer": 3, "date_on_add": "2016-03-15T12:46:00.818Z", "template": null, "special_proposition": null, "creation_date": "2016-03-15", "last_edit_date": "2016-03-15", "provider": 1, "category": 5, "weight": 0, "mass": 0.0, "sale": null, "margin": null}}, {"model": "webshop.product", "pk": 89, "fields": {"name": "\u041c\u043e\u0431\u0438\u043b\u044c\u043d\u044b\u0439 \u0442\u0435\u043b\u0435\u0444\u043e\u043d Apple iPhone 6s and others 89", "code": "i6s89", "url": "i6s_89", "title": null, "default_price": 84086.0, "active": true, "first_text": null, "is_top": false, "is_new": false, "second_text": null, "meta_description": null, "meta_canonical": null, "meta_keywords": null, "meta_robots": null, "h1": null, "description": null, "manufacturer": 3, "date_on_add": "2016-03-15T12:46:00.827Z", "template": null, "special_proposition": null, "creation_date": "2016-03-15", "last_edit_date": "2016-03-15", "provider": 1, "category": 5, "weight": 0, "mass": 0.0, "sale": null, "margin": null}}, {"model": "webshop.product", "pk": 90, "fields": {"name": "\u041c\u043e\u0431\u0438\u043b\u044c\u043d\u044b\u0439 \u0442\u0435\u043b\u0435\u0444\u043e\u043d Apple iPhone 6s and others 90", "code": "i6s90", "url": "i6s_90", "title": null, "default_price": 84087.0, "active": true, "first_text": null, "is_top": false, "is_new": false, "second_text": null, "meta_description": null, "meta_canonical": null, "meta_keywords": null, "meta_robots": null, "h1": null, "description": null, "manufacturer": 3, "date_on_add": "2016-03-15T12:46:00.835Z", "template": null, "special_proposition": null, "creation_date": "2016-03-15", "last_edit_date": "2016-03-15", "provider": 1, "category": 5, "weight": 0, "mass": 0.0, "sale": null, "margin": null}}, {"model": "webshop.product", "pk": 91, "fields": {"name": "\u041c\u043e\u0431\u0438\u043b\u044c\u043d\u044b\u0439 \u0442\u0435\u043b\u0435\u0444\u043e\u043d Apple iPhone 6s and others 91", "code": "i6s91", "url": "i6s_91", "title": null, "default_price": 84088.0, "active": true, "first_text": null, "is_top": false, "is_new": false, "second_text": null, "meta_description": null, "meta_canonical": null, "meta_keywords": null, "meta_robots": null, "h1": null, "description": null, "manufacturer": 3, "date_on_add": "2016-03-15T12:46:00.843Z", "template": null, "special_proposition": null, "creation_date": "2016-03-15", "last_edit_date": "2016-03-15", "provider": 1, "category": 5, "weight": 0, "mass": 0.0, "sale": null, "margin": null}}, {"model": "webshop.product", "pk": 92, "fields": {"name": "\u041c\u043e\u0431\u0438\u043b\u044c\u043d\u044b\u0439 \u0442\u0435\u043b\u0435\u0444\u043e\u043d Apple iPhone 6s and others 92", "code": "i6s92", "url": "i6s_92", "title": null, "default_price": 84089.0, "active": true, "first_text": null, "is_top": false, "is_new": false, "second_text": null, "meta_description": null, "meta_canonical": null, "meta_keywords": null, "meta_robots": null, "h1": null, "description": null, "manufacturer": 3, "date_on_add": "2016-03-15T12:46:00.851Z", "template": null, "special_proposition": null, "creation_date": "2016-03-15", "last_edit_date": "2016-03-15", "provider": 1, "category": 5, "weight": 0, "mass": 0.0, "sale": null, "margin": null}}, {"model": "webshop.product", "pk": 93, "fields": {"name": "\u041c\u043e\u0431\u0438\u043b\u044c\u043d\u044b\u0439 \u0442\u0435\u043b\u0435\u0444\u043e\u043d Apple iPhone 6s and others 93", "code": "i6s93", "url": "i6s_93", "title": "", "default_price": 84090.0, "active": true, "first_text": "", "is_top": false, "is_new": false, "second_text": "", "meta_description": "", "meta_canonical": "", "meta_keywords": "", "meta_robots": "", "h1": "", "description": "", "manufacturer": 3, "date_on_add": "2016-03-18T13:59:19.169Z", "template": null, "special_proposition": 2, "creation_date": "2016-03-15", "last_edit_date": "2016-03-18", "provider": 1, "category": 5, "weight": 0, "mass": 0.0, "sale": null, "margin": null}}, {"model": "webshop.product", "pk": 94, "fields": {"name": "\u041c\u043e\u0431\u0438\u043b\u044c\u043d\u044b\u0439 \u0442\u0435\u043b\u0435\u0444\u043e\u043d Apple iPhone 6s and others 94", "code": "i6s94", "url": "i6s_94", "title": null, "default_price": 84091.0, "active": true, "first_text": null, "is_top": false, "is_new": false, "second_text": null, "meta_description": null, "meta_canonical": null, "meta_keywords": null, "meta_robots": null, "h1": null, "description": null, "manufacturer": 3, "date_on_add": "2016-03-15T12:46:00.868Z", "template": null, "special_proposition": null, "creation_date": "2016-03-15", "last_edit_date": "2016-03-15", "provider": 1, "category": 5, "weight": 0, "mass": 0.0, "sale": null, "margin": null}}, {"model": "webshop.product", "pk": 95, "fields": {"name": "\u041c\u043e\u0431\u0438\u043b\u044c\u043d\u044b\u0439 \u0442\u0435\u043b\u0435\u0444\u043e\u043d Apple iPhone 6s and others 95", "code": "i6s95", "url": "i6s_95", "title": null, "default_price": 84092.0, "active": true, "first_text": null, "is_top": false, "is_new": false, "second_text": null, "meta_description": null, "meta_canonical": null, "meta_keywords": null, "meta_robots": null, "h1": null, "description": null, "manufacturer": 3, "date_on_add": "2016-03-15T12:46:00.876Z", "template": null, "special_proposition": null, "creation_date": "2016-03-15", "last_edit_date": "2016-03-15", "provider": 1, "category": 5, "weight": 0, "mass": 0.0, "sale": null, "margin": null}}, {"model": "webshop.product", "pk": 96, "fields": {"name": "\u041c\u043e\u0431\u0438\u043b\u044c\u043d\u044b\u0439 \u0442\u0435\u043b\u0435\u0444\u043e\u043d Apple iPhone 6s and others 96", "code": "i6s96", "url": "i6s_96", "title": "", "default_price": 84093.0, "active": true, "first_text": "", "is_top": false, "is_new": false, "second_text": "", "meta_description": "", "meta_canonical": "", "meta_keywords": "", "meta_robots": "", "h1": "", "description": "", "manufacturer": 3, "date_on_add": "2016-03-18T13:56:59.755Z", "template": null, "special_proposition": null, "creation_date": "2016-03-15", "last_edit_date": "2016-03-18", "provider": 1, "category": 5, "weight": 0, "mass": 0.0, "sale": 1, "margin": null}}, {"model": "webshop.product", "pk": 97, "fields": {"name": "\u041c\u043e\u0431\u0438\u043b\u044c\u043d\u044b\u0439 \u0442\u0435\u043b\u0435\u0444\u043e\u043d Apple iPhone 6s and others 97", "code": "i6s97", "url": "i6s_97", "title": null, "default_price": 84094.0, "active": true, "first_text": null, "is_top": false, "is_new": false, "second_text": null, "meta_description": null, "meta_canonical": null, "meta_keywords": null, "meta_robots": null, "h1": null, "description": null, "manufacturer": 3, "date_on_add": "2016-03-15T12:46:00.892Z", "template": null, "special_proposition": null, "creation_date": "2016-03-15", "last_edit_date": "2016-03-15", "provider": 1, "category": 5, "weight": 0, "mass": 0.0, "sale": null, "margin": null}}, {"model": "webshop.product", "pk": 98, "fields": {"name": "\u041c\u043e\u0431\u0438\u043b\u044c\u043d\u044b\u0439 \u0442\u0435\u043b\u0435\u0444\u043e\u043d Apple iPhone 6s and others 98", "code": "i6s98", "url": "i6s_98", "title": null, "default_price": 84095.0, "active": true, "first_text": null, "is_top": false, "is_new": false, "second_text": null, "meta_description": null, "meta_canonical": null, "meta_keywords": null, "meta_robots": null, "h1": null, "description": null, "manufacturer": 3, "date_on_add": "2016-03-15T12:46:00.900Z", "template": null, "special_proposition": null, "creation_date": "2016-03-15", "last_edit_date": "2016-03-15", "provider": 1, "category": 5, "weight": 0, "mass": 0.0, "sale": null, "margin": null}}, {"model": "webshop.product", "pk": 99, "fields": {"name": "\u041c\u043e\u0431\u0438\u043b\u044c\u043d\u044b\u0439 \u0442\u0435\u043b\u0435\u0444\u043e\u043d Apple iPhone 6s and others 99", "code": "i6s99", "url": "i6s_99", "title": "", "default_price": 84096.0, "active": true, "first_text": "", "is_top": false, "is_new": false, "second_text": "", "meta_description": "", "meta_canonical": "", "meta_keywords": "", "meta_robots": "", "h1": "", "description": "", "manufacturer": 3, "date_on_add": "2016-03-18T14:00:26.902Z", "template": null, "special_proposition": 2, "creation_date": "2016-03-15", "last_edit_date": "2016-03-18", "provider": 1, "category": 5, "weight": 0, "mass": 0.0, "sale": null, "margin": null}}, {"model": "webshop.product", "pk": 100, "fields": {"name": "\u041c\u043e\u0431\u0438\u043b\u044c\u043d\u044b\u0439 \u0442\u0435\u043b\u0435\u0444\u043e\u043d Apple iPhone 6s and others 100", "code": "i6s100", "url": "i6s_100", "title": "", "default_price": 84097.0, "active": true, "first_text": "", "is_top": false, "is_new": false, "second_text": "", "meta_description": "", "meta_canonical": "", "meta_keywords": "", "meta_robots": "", "h1": "", "description": "", "manufacturer": 3, "date_on_add": "2016-03-18T13:58:48.975Z", "template": null, "special_proposition": 1, "creation_date": "2016-03-15", "last_edit_date": "2016-03-18", "provider": 1, "category": 5, "weight": 0, "mass": 0.0, "sale": 1, "margin": null}}, {"model": "webshop.productpricecorrector", "pk": 1, "fields": {"product": 82, "name": "16 GB", "new_price": 60000.0}}, {"model": "webshop.productpricecorrector", "pk": 2, "fields": {"product": 82, "name": "32 GB", "new_price": 90000.0}}, {"model": "webshop.productpricecorrector", "pk": 3, "fields": {"product": 82, "name": "64 GB", "new_price": 120000.0}}, {"model": "webshop.specialproposition", "pk": 1, "fields": {"name": "new", "image": ""}}, {"model": "webshop.specialproposition", "pk": 2, "fields": {"name": "gift", "image": ""}}, {"model": "webshop.productparameter", "pk": 1, "fields": {"name": "\u041c\u043e\u0434\u0435\u043b\u044c", "first_image": "", "second_image": "", "category": 5, "prefix": "", "suffix": "", "weight": 1}}, {"model": "webshop.productparameter", "pk": 2, "fields": {"name": "\u041e\u0431\u044a\u0435\u043c \u043f\u0430\u043c\u044f\u0442\u0438", "first_image": "", "second_image": "", "category": 5, "prefix": "", "suffix": "", "weight": 2}}, {"model": "webshop.productparameter", "pk": 3, "fields": {"name": "\u0414\u0438\u0430\u0433\u043e\u043d\u0430\u043b\u044c \u044d\u043a\u0440\u0430\u043d\u0430", "first_image": "", "second_image": "", "category": 5, "prefix": "", "suffix": "", "weight": 3}}, {"model": "webshop.parameterrange", "pk": 1, "fields": {"name": "6 series", "weight": 0, "parameter": 1}}, {"model": "webshop.parameterrange", "pk": 2, "fields": {"name": "5 series", "weight": 0, "parameter": 1}}, {"model": "webshop.productparameteravailablevalue", "pk": 1, "fields": {"product_parameter": 1, "value": "iPhone 6s", "first_image": "", "second_image": "", "weight": 1, "parameter_range": 1}}, {"model": "webshop.productparameteravailablevalue", "pk": 2, "fields": {"product_parameter": 1, "value": "iPhone 6", "first_image": "", "second_image": "", "weight": 2, "parameter_range": 1}}, {"model": "webshop.productparameteravailablevalue", "pk": 3, "fields": {"product_parameter": 1, "value": "iPhone 5s", "first_image": "", "second_image": "", "weight": 3, "parameter_range": 2}}, {"model": "webshop.productparameteravailablevalue", "pk": 4, "fields": {"product_parameter": 1, "value": "iPhone 5c", "first_image": "", "second_image": "", "weight": 4, "parameter_range": 2}}, {"model": "webshop.productparameteravailablevalue", "pk": 5, "fields": {"product_parameter": 3, "value": "5", "first_image": "", "second_image": "", "weight": 2, "parameter_range": null}}, {"model": "webshop.productparameteravailablevalue", "pk": 6, "fields": {"product_parameter": 3, "value": "6", "first_image": "", "second_image": "", "weight": 1, "parameter_range": null}}, {"model": "webshop.productparameteravailablevalue", "pk": 8, "fields": {"product_parameter": 2, "value": "16 \u0413\u0411", "first_image": "", "second_image": "", "weight": 2, "parameter_range": null}}, {"model": "webshop.productparameteravailablevalue", "pk": 9, "fields": {"product_parameter": 2, "value": "32 \u0413\u0411", "first_image": "", "second_image": "", "weight": 3, "parameter_range": null}}, {"model": "webshop.productparameteravailablevalue", "pk": 10, "fields": {"product_parameter": 2, "value": "8 \u0413\u0411", "first_image": "", "second_image": "", "weight": 1, "parameter_range": null}}, {"model": "webshop.productparametervalue", "pk": 1, "fields": {"product": 1, "category": 5, "product_parameter": 3, "value": 5}}, {"model": "webshop.productparametervalue", "pk": 2, "fields": {"product": 1, "category": 5, "product_parameter": 1, "value": 4}}, {"model": "webshop.productparametervalue", "pk": 6, "fields": {"product": 2, "category": 5, "product_parameter": 1, "value": 4}}, {"model": "webshop.productparametervalue", "pk": 7, "fields": {"product": 3, "category": 5, "product_parameter": 1, "value": 4}}, {"model": "webshop.productparametervalue", "pk": 8, "fields": {"product": 4, "category": 5, "product_parameter": 1, "value": 4}}, {"model": "webshop.productparametervalue", "pk": 9, "fields": {"product": 5, "category": 5, "product_parameter": 1, "value": 4}}, {"model": "webshop.productparametervalue", "pk": 10, "fields": {"product": 6, "category": 5, "product_parameter": 1, "value": 4}}, {"model": "webshop.productparametervalue", "pk": 11, "fields": {"product": 7, "category": 5, "product_parameter": 1, "value": 4}}, {"model": "webshop.productparametervalue", "pk": 12, "fields": {"product": 8, "category": 5, "product_parameter": 1, "value": 4}}, {"model": "webshop.productparametervalue", "pk": 13, "fields": {"product": 9, "category": 5, "product_parameter": 1, "value": 4}}, {"model": "webshop.productparametervalue", "pk": 14, "fields": {"product": 10, "category": 5, "product_parameter": 1, "value": 4}}, {"model": "webshop.productparametervalue", "pk": 15, "fields": {"product": 11, "category": 5, "product_parameter": 1, "value": 4}}, {"model": "webshop.productparametervalue", "pk": 16, "fields": {"product": 12, "category": 5, "product_parameter": 1, "value": 4}}, {"model": "webshop.productparametervalue", "pk": 17, "fields": {"product": 13, "category": 5, "product_parameter": 1, "value": 4}}, {"model": "webshop.productparametervalue", "pk": 18, "fields": {"product": 14, "category": 5, "product_parameter": 1, "value": 4}}, {"model": "webshop.productparametervalue", "pk": 19, "fields": {"product": 15, "category": 5, "product_parameter": 1, "value": 4}}, {"model": "webshop.productparametervalue", "pk": 20, "fields": {"product": 16, "category": 5, "product_parameter": 1, "value": 4}}, {"model": "webshop.productparametervalue", "pk": 21, "fields": {"product": 17, "category": 5, "product_parameter": 1, "value": 4}}, {"model": "webshop.productparametervalue", "pk": 22, "fields": {"product": 18, "category": 5, "product_parameter": 1, "value": 4}}, {"model": "webshop.productparametervalue", "pk": 23, "fields": {"product": 19, "category": 5, "product_parameter": 1, "value": 4}}, {"model": "webshop.productparametervalue", "pk": 24, "fields": {"product": 20, "category": 5, "product_parameter": 1, "value": 4}}, {"model": "webshop.productparametervalue", "pk": 25, "fields": {"product": 21, "category": 5, "product_parameter": 1, "value": 4}}, {"model": "webshop.productparametervalue", "pk": 26, "fields": {"product": 22, "category": 5, "product_parameter": 1, "value": 4}}, {"model": "webshop.productparametervalue", "pk": 27, "fields": {"product": 23, "category": 5, "product_parameter": 1, "value": 4}}, {"model": "webshop.productparametervalue", "pk": 28, "fields": {"product": 24, "category": 5, "product_parameter": 1, "value": 4}}, {"model": "webshop.productparametervalue", "pk": 29, "fields": {"product": 25, "category": 5, "product_parameter": 1, "value": 4}}, {"model": "webshop.productparametervalue", "pk": 30, "fields": {"product": 26, "category": 5, "product_parameter": 1, "value": 4}}, {"model": "webshop.productparametervalue", "pk": 31, "fields": {"product": 27, "category": 5, "product_parameter": 1, "value": 4}}, {"model": "webshop.productparametervalue", "pk": 32, "fields": {"product": 28, "category": 5, "product_parameter": 1, "value": 3}}, {"model": "webshop.productparametervalue", "pk": 33, "fields": {"product": 29, "category": 5, "product_parameter": 1, "value": 3}}, {"model": "webshop.productparametervalue", "pk": 34, "fields": {"product": 30, "category": 5, "product_parameter": 1, "value": 3}}, {"model": "webshop.productparametervalue", "pk": 35, "fields": {"product": 31, "category": 5, "product_parameter": 1, "value": 3}}, {"model": "webshop.productparametervalue", "pk": 36, "fields": {"product": 32, "category": 5, "product_parameter": 1, "value": 3}}, {"model": "webshop.productparametervalue", "pk": 37, "fields": {"product": 33, "category": 5, "product_parameter": 1, "value": 3}}, {"model": "webshop.productparametervalue", "pk": 38, "fields": {"product": 34, "category": 5, "product_parameter": 1, "value": 3}}, {"model": "webshop.productparametervalue", "pk": 39, "fields": {"product": 35, "category": 5, "product_parameter": 1, "value": 3}}, {"model": "webshop.productparametervalue", "pk": 40, "fields": {"product": 36, "category": 5, "product_parameter": 1, "value": 3}}, {"model": "webshop.productparametervalue", "pk": 41, "fields": {"product": 37, "category": 5, "product_parameter": 1, "value": 3}}, {"model": "webshop.productparametervalue", "pk": 42, "fields": {"product": 38, "category": 5, "product_parameter": 1, "value": 3}}, {"model": "webshop.productparametervalue", "pk": 43, "fields": {"product": 39, "category": 5, "product_parameter": 1, "value": 3}}, {"model": "webshop.productparametervalue", "pk": 44, "fields": {"product": 40, "category": 5, "product_parameter": 1, "value": 3}}, {"model": "webshop.productparametervalue", "pk": 45, "fields": {"product": 41, "category": 5, "product_parameter": 1, "value": 3}}, {"model": "webshop.productparametervalue", "pk": 46, "fields": {"product": 42, "category": 5, "product_parameter": 1, "value": 3}}, {"model": "webshop.productparametervalue", "pk": 47, "fields": {"product": 43, "category": 5, "product_parameter": 1, "value": 3}}, {"model": "webshop.productparametervalue", "pk": 48, "fields": {"product": 44, "category": 5, "product_parameter": 1, "value": 3}}, {"model": "webshop.productparametervalue", "pk": 49, "fields": {"product": 45, "category": 5, "product_parameter": 1, "value": 3}}, {"model": "webshop.productparametervalue", "pk": 50, "fields": {"product": 46, "category": 5, "product_parameter": 1, "value": 3}}, {"model": "webshop.productparametervalue", "pk": 51, "fields": {"product": 47, "category": 5, "product_parameter": 1, "value": 3}}, {"model": "webshop.productparametervalue", "pk": 52, "fields": {"product": 48, "category": 5, "product_parameter": 1, "value": 3}}, {"model": "webshop.productparametervalue", "pk": 53, "fields": {"product": 49, "category": 5, "product_parameter": 1, "value": 3}}, {"model": "webshop.productparametervalue", "pk": 54, "fields": {"product": 50, "category": 5, "product_parameter": 1, "value": 3}}, {"model": "webshop.productparametervalue", "pk": 55, "fields": {"product": 51, "category": 5, "product_parameter": 1, "value": 2}}, {"model": "webshop.productparametervalue", "pk": 56, "fields": {"product": 52, "category": 5, "product_parameter": 1, "value": 2}}, {"model": "webshop.productparametervalue", "pk": 57, "fields": {"product": 53, "category": 5, "product_parameter": 1, "value": 2}}, {"model": "webshop.productparametervalue", "pk": 58, "fields": {"product": 54, "category": 5, "product_parameter": 1, "value": 2}}, {"model": "webshop.productparametervalue", "pk": 59, "fields": {"product": 55, "category": 5, "product_parameter": 1, "value": 2}}, {"model": "webshop.productparametervalue", "pk": 60, "fields": {"product": 56, "category": 5, "product_parameter": 1, "value": 2}}, {"model": "webshop.productparametervalue", "pk": 61, "fields": {"product": 57, "category": 5, "product_parameter": 1, "value": 2}}, {"model": "webshop.productparametervalue", "pk": 62, "fields": {"product": 58, "category": 5, "product_parameter": 1, "value": 2}}, {"model": "webshop.productparametervalue", "pk": 63, "fields": {"product": 59, "category": 5, "product_parameter": 1, "value": 2}}, {"model": "webshop.productparametervalue", "pk": 64, "fields": {"product": 60, "category": 5, "product_parameter": 1, "value": 2}}, {"model": "webshop.productparametervalue", "pk": 65, "fields": {"product": 61, "category": 5, "product_parameter": 1, "value": 2}}, {"model": "webshop.productparametervalue", "pk": 66, "fields": {"product": 62, "category": 5, "product_parameter": 1, "value": 2}}, {"model": "webshop.productparametervalue", "pk": 67, "fields": {"product": 63, "category": 5, "product_parameter": 1, "value": 2}}, {"model": "webshop.productparametervalue", "pk": 68, "fields": {"product": 64, "category": 5, "product_parameter": 1, "value": 2}}, {"model": "webshop.productparametervalue", "pk": 69, "fields": {"product": 65, "category": 5, "product_parameter": 1, "value": 2}}, {"model": "webshop.productparametervalue", "pk": 70, "fields": {"product": 66, "category": 5, "product_parameter": 1, "value": 2}}, {"model": "webshop.productparametervalue", "pk": 71, "fields": {"product": 67, "category": 5, "product_parameter": 1, "value": 2}}, {"model": "webshop.productparametervalue", "pk": 72, "fields": {"product": 68, "category": 5, "product_parameter": 1, "value": 2}}, {"model": "webshop.productparametervalue", "pk": 73, "fields": {"product": 69, "category": 5, "product_parameter": 1, "value": 2}}, {"model": "webshop.productparametervalue", "pk": 74, "fields": {"product": 70, "category": 5, "product_parameter": 1, "value": 2}}, {"model": "webshop.productparametervalue", "pk": 75, "fields": {"product": 71, "category": 5, "product_parameter": 1, "value": 2}}, {"model": "webshop.productparametervalue", "pk": 76, "fields": {"product": 72, "category": 5, "product_parameter": 1, "value": 2}}, {"model": "webshop.productparametervalue", "pk": 77, "fields": {"product": 73, "category": 5, "product_parameter": 1, "value": 2}}, {"model": "webshop.productparametervalue", "pk": 78, "fields": {"product": 74, "category": 5, "product_parameter": 1, "value": 2}}, {"model": "webshop.productparametervalue", "pk": 79, "fields": {"product": 75, "category": 5, "product_parameter": 1, "value": 2}}, {"model": "webshop.productparametervalue", "pk": 80, "fields": {"product": 76, "category": 5, "product_parameter": 1, "value": 2}}, {"model": "webshop.productparametervalue", "pk": 81, "fields": {"product": 77, "category": 5, "product_parameter": 1, "value": 2}}, {"model": "webshop.productparametervalue", "pk": 82, "fields": {"product": 78, "category": 5, "product_parameter": 1, "value": 1}}, {"model": "webshop.productparametervalue", "pk": 83, "fields": {"product": 79, "category": 5, "product_parameter": 1, "value": 1}}, {"model": "webshop.productparametervalue", "pk": 84, "fields": {"product": 80, "category": 5, "product_parameter": 1, "value": 1}}, {"model": "webshop.productparametervalue", "pk": 85, "fields": {"product": 81, "category": 5, "product_parameter": 1, "value": 1}}, {"model": "webshop.productparametervalue", "pk": 86, "fields": {"product": 82, "category": 5, "product_parameter": 1, "value": 1}}, {"model": "webshop.productparametervalue", "pk": 87, "fields": {"product": 83, "category": 5, "product_parameter": 1, "value": 1}}, {"model": "webshop.productparametervalue", "pk": 88, "fields": {"product": 84, "category": 5, "product_parameter": 1, "value": 1}}, {"model": "webshop.productparametervalue", "pk": 89, "fields": {"product": 85, "category": 5, "product_parameter": 1, "value": 1}}, {"model": "webshop.productparametervalue", "pk": 90, "fields": {"product": 86, "category": 5, "product_parameter": 1, "value": 1}}, {"model": "webshop.productparametervalue", "pk": 91, "fields": {"product": 87, "category": 5, "product_parameter": 1, "value": 1}}, {"model": "webshop.productparametervalue", "pk": 92, "fields": {"product": 88, "category": 5, "product_parameter": 1, "value": 1}}, {"model": "webshop.productparametervalue", "pk": 93, "fields": {"product": 89, "category": 5, "product_parameter": 1, "value": 1}}, {"model": "webshop.productparametervalue", "pk": 94, "fields": {"product": 90, "category": 5, "product_parameter": 1, "value": 1}}, {"model": "webshop.productparametervalue", "pk": 95, "fields": {"product": 91, "category": 5, "product_parameter": 1, "value": 1}}, {"model": "webshop.productparametervalue", "pk": 96, "fields": {"product": 92, "category": 5, "product_parameter": 1, "value": 1}}, {"model": "webshop.productparametervalue", "pk": 97, "fields": {"product": 93, "category": 5, "product_parameter": 1, "value": 1}}, {"model": "webshop.productparametervalue", "pk": 98, "fields": {"product": 94, "category": 5, "product_parameter": 1, "value": 1}}, {"model": "webshop.productparametervalue", "pk": 99, "fields": {"product": 95, "category": 5, "product_parameter": 1, "value": 1}}, {"model": "webshop.productparametervalue", "pk": 100, "fields": {"product": 96, "category": 5, "product_parameter": 1, "value": 1}}, {"model": "webshop.productparametervalue", "pk": 101, "fields": {"product": 97, "category": 5, "product_parameter": 1, "value": 1}}, {"model": "webshop.productparametervalue", "pk": 102, "fields": {"product": 98, "category": 5, "product_parameter": 1, "value": 1}}, {"model": "webshop.productparametervalue", "pk": 103, "fields": {"product": 99, "category": 5, "product_parameter": 1, "value": 1}}, {"model": "webshop.productparametervalue", "pk": 104, "fields": {"product": 100, "category": 5, "product_parameter": 1, "value": 1}}, {"model": "webshop.productparametervalue", "pk": 106, "fields": {"product": 2, "category": 5, "product_parameter": 3, "value": 5}}, {"model": "webshop.productparametervalue", "pk": 107, "fields": {"product": 3, "category": 5, "product_parameter": 3, "value": 5}}, {"model": "webshop.productparametervalue", "pk": 108, "fields": {"product": 4, "category": 5, "product_parameter": 3, "value": 5}}, {"model": "webshop.productparametervalue", "pk": 109, "fields": {"product": 5, "category": 5, "product_parameter": 3, "value": 5}}, {"model": "webshop.productparametervalue", "pk": 110, "fields": {"product": 6, "category": 5, "product_parameter": 3, "value": 5}}, {"model": "webshop.productparametervalue", "pk": 111, "fields": {"product": 7, "category": 5, "product_parameter": 3, "value": 5}}, {"model": "webshop.productparametervalue", "pk": 112, "fields": {"product": 8, "category": 5, "product_parameter": 3, "value": 5}}, {"model": "webshop.productparametervalue", "pk": 113, "fields": {"product": 9, "category": 5, "product_parameter": 3, "value": 5}}, {"model": "webshop.productparametervalue", "pk": 114, "fields": {"product": 10, "category": 5, "product_parameter": 3, "value": 5}}, {"model": "webshop.productparametervalue", "pk": 115, "fields": {"product": 11, "category": 5, "product_parameter": 3, "value": 5}}, {"model": "webshop.productparametervalue", "pk": 116, "fields": {"product": 12, "category": 5, "product_parameter": 3, "value": 5}}, {"model": "webshop.productparametervalue", "pk": 117, "fields": {"product": 13, "category": 5, "product_parameter": 3, "value": 5}}, {"model": "webshop.productparametervalue", "pk": 118, "fields": {"product": 14, "category": 5, "product_parameter": 3, "value": 5}}, {"model": "webshop.productparametervalue", "pk": 119, "fields": {"product": 15, "category": 5, "product_parameter": 3, "value": 5}}, {"model": "webshop.productparametervalue", "pk": 120, "fields": {"product": 16, "category": 5, "product_parameter": 3, "value": 5}}, {"model": "webshop.productparametervalue", "pk": 121, "fields": {"product": 17, "category": 5, "product_parameter": 3, "value": 5}}, {"model": "webshop.productparametervalue", "pk": 122, "fields": {"product": 18, "category": 5, "product_parameter": 3, "value": 5}}, {"model": "webshop.productparametervalue", "pk": 123, "fields": {"product": 19, "category": 5, "product_parameter": 3, "value": 5}}, {"model": "webshop.productparametervalue", "pk": 124, "fields": {"product": 20, "category": 5, "product_parameter": 3, "value": 5}}, {"model": "webshop.productparametervalue", "pk": 125, "fields": {"product": 21, "category": 5, "product_parameter": 3, "value": 5}}, {"model": "webshop.productparametervalue", "pk": 126, "fields": {"product": 22, "category": 5, "product_parameter": 3, "value": 5}}, {"model": "webshop.productparametervalue", "pk": 127, "fields": {"product": 23, "category": 5, "product_parameter": 3, "value": 5}}, {"model": "webshop.productparametervalue", "pk": 128, "fields": {"product": 24, "category": 5, "product_parameter": 3, "value": 5}}, {"model": "webshop.productparametervalue", "pk": 129, "fields": {"product": 25, "category": 5, "product_parameter": 3, "value": 5}}, {"model": "webshop.productparametervalue", "pk": 130, "fields": {"product": 26, "category": 5, "product_parameter": 3, "value": 5}}, {"model": "webshop.productparametervalue", "pk": 131, "fields": {"product": 27, "category": 5, "product_parameter": 3, "value": 5}}, {"model": "webshop.productparametervalue", "pk": 132, "fields": {"product": 28, "category": 5, "product_parameter": 3, "value": 5}}, {"model": "webshop.productparametervalue", "pk": 133, "fields": {"product": 29, "category": 5, "product_parameter": 3, "value": 5}}, {"model": "webshop.productparametervalue", "pk": 134, "fields": {"product": 30, "category": 5, "product_parameter": 3, "value": 5}}, {"model": "webshop.productparametervalue", "pk": 135, "fields": {"product": 31, "category": 5, "product_parameter": 3, "value": 5}}, {"model": "webshop.productparametervalue", "pk": 136, "fields": {"product": 32, "category": 5, "product_parameter": 3, "value": 5}}, {"model": "webshop.productparametervalue", "pk": 137, "fields": {"product": 33, "category": 5, "product_parameter": 3, "value": 5}}, {"model": "webshop.productparametervalue", "pk": 138, "fields": {"product": 34, "category": 5, "product_parameter": 3, "value": 5}}, {"model": "webshop.productparametervalue", "pk": 139, "fields": {"product": 35, "category": 5, "product_parameter": 3, "value": 5}}, {"model": "webshop.productparametervalue", "pk": 140, "fields": {"product": 36, "category": 5, "product_parameter": 3, "value": 5}}, {"model": "webshop.productparametervalue", "pk": 141, "fields": {"product": 37, "category": 5, "product_parameter": 3, "value": 5}}, {"model": "webshop.productparametervalue", "pk": 142, "fields": {"product": 38, "category": 5, "product_parameter": 3, "value": 5}}, {"model": "webshop.productparametervalue", "pk": 143, "fields": {"product": 39, "category": 5, "product_parameter": 3, "value": 5}}, {"model": "webshop.productparametervalue", "pk": 144, "fields": {"product": 40, "category": 5, "product_parameter": 3, "value": 5}}, {"model": "webshop.productparametervalue", "pk": 145, "fields": {"product": 41, "category": 5, "product_parameter": 3, "value": 5}}, {"model": "webshop.productparametervalue", "pk": 146, "fields": {"product": 42, "category": 5, "product_parameter": 3, "value": 5}}, {"model": "webshop.productparametervalue", "pk": 147, "fields": {"product": 43, "category": 5, "product_parameter": 3, "value": 5}}, {"model": "webshop.productparametervalue", "pk": 148, "fields": {"product": 44, "category": 5, "product_parameter": 3, "value": 5}}, {"model": "webshop.productparametervalue", "pk": 149, "fields": {"product": 45, "category": 5, "product_parameter": 3, "value": 5}}, {"model": "webshop.productparametervalue", "pk": 150, "fields": {"product": 46, "category": 5, "product_parameter": 3, "value": 5}}, {"model": "webshop.productparametervalue", "pk": 151, "fields": {"product": 47, "category": 5, "product_parameter": 3, "value": 5}}, {"model": "webshop.productparametervalue", "pk": 152, "fields": {"product": 48, "category": 5, "product_parameter": 3, "value": 5}}, {"model": "webshop.productparametervalue", "pk": 153, "fields": {"product": 49, "category": 5, "product_parameter": 3, "value": 5}}, {"model": "webshop.productparametervalue", "pk": 154, "fields": {"product": 50, "category": 5, "product_parameter": 3, "value": 5}}, {"model": "webshop.productparametervalue", "pk": 155, "fields": {"product": 51, "category": 5, "product_parameter": 3, "value": 6}}, {"model": "webshop.productparametervalue", "pk": 156, "fields": {"product": 52, "category": 5, "product_parameter": 3, "value": 6}}, {"model": "webshop.productparametervalue", "pk": 157, "fields": {"product": 53, "category": 5, "product_parameter": 3, "value": 6}}, {"model": "webshop.productparametervalue", "pk": 158, "fields": {"product": 54, "category": 5, "product_parameter": 3, "value": 6}}, {"model": "webshop.productparametervalue", "pk": 159, "fields": {"product": 55, "category": 5, "product_parameter": 3, "value": 6}}, {"model": "webshop.productparametervalue", "pk": 160, "fields": {"product": 56, "category": 5, "product_parameter": 3, "value": 6}}, {"model": "webshop.productparametervalue", "pk": 161, "fields": {"product": 57, "category": 5, "product_parameter": 3, "value": 6}}, {"model": "webshop.productparametervalue", "pk": 162, "fields": {"product": 58, "category": 5, "product_parameter": 3, "value": 6}}, {"model": "webshop.productparametervalue", "pk": 163, "fields": {"product": 59, "category": 5, "product_parameter": 3, "value": 6}}, {"model": "webshop.productparametervalue", "pk": 164, "fields": {"product": 60, "category": 5, "product_parameter": 3, "value": 6}}, {"model": "webshop.productparametervalue", "pk": 165, "fields": {"product": 61, "category": 5, "product_parameter": 3, "value": 6}}, {"model": "webshop.productparametervalue", "pk": 166, "fields": {"product": 62, "category": 5, "product_parameter": 3, "value": 6}}, {"model": "webshop.productparametervalue", "pk": 167, "fields": {"product": 63, "category": 5, "product_parameter": 3, "value": 6}}, {"model": "webshop.productparametervalue", "pk": 168, "fields": {"product": 64, "category": 5, "product_parameter": 3, "value": 6}}, {"model": "webshop.productparametervalue", "pk": 169, "fields": {"product": 65, "category": 5, "product_parameter": 3, "value": 6}}, {"model": "webshop.productparametervalue", "pk": 170, "fields": {"product": 66, "category": 5, "product_parameter": 3, "value": 6}}, {"model": "webshop.productparametervalue", "pk": 171, "fields": {"product": 67, "category": 5, "product_parameter": 3, "value": 6}}, {"model": "webshop.productparametervalue", "pk": 172, "fields": {"product": 68, "category": 5, "product_parameter": 3, "value": 6}}, {"model": "webshop.productparametervalue", "pk": 173, "fields": {"product": 69, "category": 5, "product_parameter": 3, "value": 6}}, {"model": "webshop.productparametervalue", "pk": 174, "fields": {"product": 70, "category": 5, "product_parameter": 3, "value": 6}}, {"model": "webshop.productparametervalue", "pk": 175, "fields": {"product": 71, "category": 5, "product_parameter": 3, "value": 6}}, {"model": "webshop.productparametervalue", "pk": 176, "fields": {"product": 72, "category": 5, "product_parameter": 3, "value": 6}}, {"model": "webshop.productparametervalue", "pk": 177, "fields": {"product": 73, "category": 5, "product_parameter": 3, "value": 6}}, {"model": "webshop.productparametervalue", "pk": 178, "fields": {"product": 74, "category": 5, "product_parameter": 3, "value": 6}}, {"model": "webshop.productparametervalue", "pk": 179, "fields": {"product": 75, "category": 5, "product_parameter": 3, "value": 6}}, {"model": "webshop.productparametervalue", "pk": 180, "fields": {"product": 76, "category": 5, "product_parameter": 3, "value": 6}}, {"model": "webshop.productparametervalue", "pk": 181, "fields": {"product": 77, "category": 5, "product_parameter": 3, "value": 6}}, {"model": "webshop.productparametervalue", "pk": 182, "fields": {"product": 78, "category": 5, "product_parameter": 3, "value": 6}}, {"model": "webshop.productparametervalue", "pk": 183, "fields": {"product": 79, "category": 5, "product_parameter": 3, "value": 6}}, {"model": "webshop.productparametervalue", "pk": 184, "fields": {"product": 80, "category": 5, "product_parameter": 3, "value": 6}}, {"model": "webshop.productparametervalue", "pk": 185, "fields": {"product": 81, "category": 5, "product_parameter": 3, "value": 6}}, {"model": "webshop.productparametervalue", "pk": 186, "fields": {"product": 82, "category": 5, "product_parameter": 3, "value": 6}}, {"model": "webshop.productparametervalue", "pk": 187, "fields": {"product": 83, "category": 5, "product_parameter": 3, "value": 6}}, {"model": "webshop.productparametervalue", "pk": 188, "fields": {"product": 84, "category": 5, "product_parameter": 3, "value": 6}}, {"model": "webshop.productparametervalue", "pk": 189, "fields": {"product": 85, "category": 5, "product_parameter": 3, "value": 6}}, {"model": "webshop.productparametervalue", "pk": 190, "fields": {"product": 86, "category": 5, "product_parameter": 3, "value": 6}}, {"model": "webshop.productparametervalue", "pk": 191, "fields": {"product": 87, "category": 5, "product_parameter": 3, "value": 6}}, {"model": "webshop.productparametervalue", "pk": 192, "fields": {"product": 88, "category": 5, "product_parameter": 3, "value": 6}}, {"model": "webshop.productparametervalue", "pk": 193, "fields": {"product": 89, "category": 5, "product_parameter": 3, "value": 6}}, {"model": "webshop.productparametervalue", "pk": 194, "fields": {"product": 90, "category": 5, "product_parameter": 3, "value": 6}}, {"model": "webshop.productparametervalue", "pk": 195, "fields": {"product": 91, "category": 5, "product_parameter": 3, "value": 6}}, {"model": "webshop.productparametervalue", "pk": 196, "fields": {"product": 92, "category": 5, "product_parameter": 3, "value": 6}}, {"model": "webshop.productparametervalue", "pk": 197, "fields": {"product": 93, "category": 5, "product_parameter": 3, "value": 6}}, {"model": "webshop.productparametervalue", "pk": 198, "fields": {"product": 94, "category": 5, "product_parameter": 3, "value": 6}}, {"model": "webshop.productparametervalue", "pk": 199, "fields": {"product": 95, "category": 5, "product_parameter": 3, "value": 6}}, {"model": "webshop.productparametervalue", "pk": 200, "fields": {"product": 96, "category": 5, "product_parameter": 3, "value": 6}}, {"model": "webshop.productparametervalue", "pk": 201, "fields": {"product": 97, "category": 5, "product_parameter": 3, "value": 6}}, {"model": "webshop.productparametervalue", "pk": 202, "fields": {"product": 98, "category": 5, "product_parameter": 3, "value": 6}}, {"model": "webshop.productparametervalue", "pk": 203, "fields": {"product": 99, "category": 5, "product_parameter": 3, "value": 6}}, {"model": "webshop.productparametervalue", "pk": 204, "fields": {"product": 100, "category": 5, "product_parameter": 3, "value": 6}}, {"model": "webshop.productparametervalue", "pk": 238, "fields": {"product": 2, "category": 5, "product_parameter": 2, "value": 8}}, {"model": "webshop.productparametervalue", "pk": 239, "fields": {"product": 5, "category": 5, "product_parameter": 2, "value": 8}}, {"model": "webshop.productparametervalue", "pk": 240, "fields": {"product": 8, "category": 5, "product_parameter": 2, "value": 8}}, {"model": "webshop.productparametervalue", "pk": 241, "fields": {"product": 11, "category": 5, "product_parameter": 2, "value": 8}}, {"model": "webshop.productparametervalue", "pk": 242, "fields": {"product": 14, "category": 5, "product_parameter": 2, "value": 8}}, {"model": "webshop.productparametervalue", "pk": 243, "fields": {"product": 17, "category": 5, "product_parameter": 2, "value": 8}}, {"model": "webshop.productparametervalue", "pk": 244, "fields": {"product": 20, "category": 5, "product_parameter": 2, "value": 8}}, {"model": "webshop.productparametervalue", "pk": 245, "fields": {"product": 23, "category": 5, "product_parameter": 2, "value": 8}}, {"model": "webshop.productparametervalue", "pk": 246, "fields": {"product": 26, "category": 5, "product_parameter": 2, "value": 8}}, {"model": "webshop.productparametervalue", "pk": 247, "fields": {"product": 29, "category": 5, "product_parameter": 2, "value": 8}}, {"model": "webshop.productparametervalue", "pk": 248, "fields": {"product": 32, "category": 5, "product_parameter": 2, "value": 8}}, {"model": "webshop.productparametervalue", "pk": 249, "fields": {"product": 35, "category": 5, "product_parameter": 2, "value": 8}}, {"model": "webshop.productparametervalue", "pk": 250, "fields": {"product": 38, "category": 5, "product_parameter": 2, "value": 8}}, {"model": "webshop.productparametervalue", "pk": 251, "fields": {"product": 41, "category": 5, "product_parameter": 2, "value": 8}}, {"model": "webshop.productparametervalue", "pk": 252, "fields": {"product": 44, "category": 5, "product_parameter": 2, "value": 8}}, {"model": "webshop.productparametervalue", "pk": 253, "fields": {"product": 47, "category": 5, "product_parameter": 2, "value": 8}}, {"model": "webshop.productparametervalue", "pk": 254, "fields": {"product": 50, "category": 5, "product_parameter": 2, "value": 8}}, {"model": "webshop.productparametervalue", "pk": 255, "fields": {"product": 53, "category": 5, "product_parameter": 2, "value": 8}}, {"model": "webshop.productparametervalue", "pk": 256, "fields": {"product": 56, "category": 5, "product_parameter": 2, "value": 8}}, {"model": "webshop.productparametervalue", "pk": 257, "fields": {"product": 59, "category": 5, "product_parameter": 2, "value": 8}}, {"model": "webshop.productparametervalue", "pk": 258, "fields": {"product": 62, "category": 5, "product_parameter": 2, "value": 8}}, {"model": "webshop.productparametervalue", "pk": 259, "fields": {"product": 65, "category": 5, "product_parameter": 2, "value": 8}}, {"model": "webshop.productparametervalue", "pk": 260, "fields": {"product": 68, "category": 5, "product_parameter": 2, "value": 8}}, {"model": "webshop.productparametervalue", "pk": 261, "fields": {"product": 71, "category": 5, "product_parameter": 2, "value": 8}}, {"model": "webshop.productparametervalue", "pk": 262, "fields": {"product": 74, "category": 5, "product_parameter": 2, "value": 8}}, {"model": "webshop.productparametervalue", "pk": 263, "fields": {"product": 77, "category": 5, "product_parameter": 2, "value": 8}}, {"model": "webshop.productparametervalue", "pk": 264, "fields": {"product": 80, "category": 5, "product_parameter": 2, "value": 8}}, {"model": "webshop.productparametervalue", "pk": 265, "fields": {"product": 83, "category": 5, "product_parameter": 2, "value": 8}}, {"model": "webshop.productparametervalue", "pk": 266, "fields": {"product": 86, "category": 5, "product_parameter": 2, "value": 8}}, {"model": "webshop.productparametervalue", "pk": 267, "fields": {"product": 89, "category": 5, "product_parameter": 2, "value": 8}}, {"model": "webshop.productparametervalue", "pk": 268, "fields": {"product": 92, "category": 5, "product_parameter": 2, "value": 8}}, {"model": "webshop.productparametervalue", "pk": 269, "fields": {"product": 95, "category": 5, "product_parameter": 2, "value": 8}}, {"model": "webshop.productparametervalue", "pk": 270, "fields": {"product": 98, "category": 5, "product_parameter": 2, "value": 8}}, {"model": "webshop.productparametervalue", "pk": 271, "fields": {"product": 3, "category": 5, "product_parameter": 2, "value": 9}}, {"model": "webshop.productparametervalue", "pk": 272, "fields": {"product": 6, "category": 5, "product_parameter": 2, "value": 9}}, {"model": "webshop.productparametervalue", "pk": 273, "fields": {"product": 9, "category": 5, "product_parameter": 2, "value": 9}}, {"model": "webshop.productparametervalue", "pk": 274, "fields": {"product": 12, "category": 5, "product_parameter": 2, "value": 9}}, {"model": "webshop.productparametervalue", "pk": 275, "fields": {"product": 15, "category": 5, "product_parameter": 2, "value": 9}}, {"model": "webshop.productparametervalue", "pk": 276, "fields": {"product": 18, "category": 5, "product_parameter": 2, "value": 9}}, {"model": "webshop.productparametervalue", "pk": 277, "fields": {"product": 21, "category": 5, "product_parameter": 2, "value": 9}}, {"model": "webshop.productparametervalue", "pk": 278, "fields": {"product": 24, "category": 5, "product_parameter": 2, "value": 9}}, {"model": "webshop.productparametervalue", "pk": 279, "fields": {"product": 27, "category": 5, "product_parameter": 2, "value": 9}}, {"model": "webshop.productparametervalue", "pk": 280, "fields": {"product": 30, "category": 5, "product_parameter": 2, "value": 9}}, {"model": "webshop.productparametervalue", "pk": 281, "fields": {"product": 33, "category": 5, "product_parameter": 2, "value": 9}}, {"model": "webshop.productparametervalue", "pk": 282, "fields": {"product": 36, "category": 5, "product_parameter": 2, "value": 9}}, {"model": "webshop.productparametervalue", "pk": 283, "fields": {"product": 39, "category": 5, "product_parameter": 2, "value": 9}}, {"model": "webshop.productparametervalue", "pk": 284, "fields": {"product": 42, "category": 5, "product_parameter": 2, "value": 9}}, {"model": "webshop.productparametervalue", "pk": 285, "fields": {"product": 45, "category": 5, "product_parameter": 2, "value": 9}}, {"model": "webshop.productparametervalue", "pk": 286, "fields": {"product": 48, "category": 5, "product_parameter": 2, "value": 9}}, {"model": "webshop.productparametervalue", "pk": 287, "fields": {"product": 51, "category": 5, "product_parameter": 2, "value": 9}}, {"model": "webshop.productparametervalue", "pk": 288, "fields": {"product": 54, "category": 5, "product_parameter": 2, "value": 9}}, {"model": "webshop.productparametervalue", "pk": 289, "fields": {"product": 57, "category": 5, "product_parameter": 2, "value": 9}}, {"model": "webshop.productparametervalue", "pk": 290, "fields": {"product": 60, "category": 5, "product_parameter": 2, "value": 9}}, {"model": "webshop.productparametervalue", "pk": 291, "fields": {"product": 63, "category": 5, "product_parameter": 2, "value": 9}}, {"model": "webshop.productparametervalue", "pk": 292, "fields": {"product": 66, "category": 5, "product_parameter": 2, "value": 9}}, {"model": "webshop.productparametervalue", "pk": 293, "fields": {"product": 69, "category": 5, "product_parameter": 2, "value": 9}}, {"model": "webshop.productparametervalue", "pk": 294, "fields": {"product": 72, "category": 5, "product_parameter": 2, "value": 9}}, {"model": "webshop.productparametervalue", "pk": 295, "fields": {"product": 75, "category": 5, "product_parameter": 2, "value": 9}}, {"model": "webshop.productparametervalue", "pk": 296, "fields": {"product": 78, "category": 5, "product_parameter": 2, "value": 9}}, {"model": "webshop.productparametervalue", "pk": 297, "fields": {"product": 81, "category": 5, "product_parameter": 2, "value": 9}}, {"model": "webshop.productparametervalue", "pk": 298, "fields": {"product": 84, "category": 5, "product_parameter": 2, "value": 9}}, {"model": "webshop.productparametervalue", "pk": 299, "fields": {"product": 87, "category": 5, "product_parameter": 2, "value": 9}}, {"model": "webshop.productparametervalue", "pk": 300, "fields": {"product": 90, "category": 5, "product_parameter": 2, "value": 9}}, {"model": "webshop.productparametervalue", "pk": 301, "fields": {"product": 93, "category": 5, "product_parameter": 2, "value": 9}}, {"model": "webshop.productparametervalue", "pk": 302, "fields": {"product": 96, "category": 5, "product_parameter": 2, "value": 9}}, {"model": "webshop.productparametervalue", "pk": 303, "fields": {"product": 99, "category": 5, "product_parameter": 2, "value": 9}}, {"model": "webshop.productparametervalue", "pk": 304, "fields": {"product": 28, "category": 5, "product_parameter": 2, "value": 10}}, {"model": "webshop.productparametervalue", "pk": 305, "fields": {"product": 67, "category": 5, "product_parameter": 2, "value": 10}}, {"model": "webshop.productparametervalue", "pk": 306, "fields": {"product": 64, "category": 5, "product_parameter": 2, "value": 10}}, {"model": "webshop.productparametervalue", "pk": 307, "fields": {"product": 52, "category": 5, "product_parameter": 2, "value": 10}}, {"model": "webshop.productparametervalue", "pk": 308, "fields": {"product": 55, "category": 5, "product_parameter": 2, "value": 10}}, {"model": "webshop.productparametervalue", "pk": 309, "fields": {"product": 58, "category": 5, "product_parameter": 2, "value": 10}}, {"model": "webshop.productparametervalue", "pk": 310, "fields": {"product": 61, "category": 5, "product_parameter": 2, "value": 10}}, {"model": "webshop.productparametervalue", "pk": 311, "fields": {"product": 1, "category": 5, "product_parameter": 2, "value": 10}}, {"model": "webshop.productparametervalue", "pk": 312, "fields": {"product": 4, "category": 5, "product_parameter": 2, "value": 10}}, {"model": "webshop.productparametervalue", "pk": 313, "fields": {"product": 79, "category": 5, "product_parameter": 2, "value": 10}}, {"model": "webshop.productparametervalue", "pk": 314, "fields": {"product": 7, "category": 5, "product_parameter": 2, "value": 10}}, {"model": "webshop.productparametervalue", "pk": 315, "fields": {"product": 10, "category": 5, "product_parameter": 2, "value": 10}}, {"model": "webshop.productparametervalue", "pk": 316, "fields": {"product": 85, "category": 5, "product_parameter": 2, "value": 10}}, {"model": "webshop.productparametervalue", "pk": 317, "fields": {"product": 13, "category": 5, "product_parameter": 2, "value": 10}}, {"model": "webshop.productparametervalue", "pk": 318, "fields": {"product": 16, "category": 5, "product_parameter": 2, "value": 10}}, {"model": "webshop.productparametervalue", "pk": 319, "fields": {"product": 19, "category": 5, "product_parameter": 2, "value": 10}}, {"model": "webshop.productparametervalue", "pk": 320, "fields": {"product": 22, "category": 5, "product_parameter": 2, "value": 10}}, {"model": "webshop.productparametervalue", "pk": 321, "fields": {"product": 25, "category": 5, "product_parameter": 2, "value": 10}}, {"model": "webshop.productparametervalue", "pk": 322, "fields": {"product": 31, "category": 5, "product_parameter": 2, "value": 10}}, {"model": "webshop.productparametervalue", "pk": 323, "fields": {"product": 34, "category": 5, "product_parameter": 2, "value": 10}}, {"model": "webshop.productparametervalue", "pk": 324, "fields": {"product": 37, "category": 5, "product_parameter": 2, "value": 10}}, {"model": "webshop.productparametervalue", "pk": 325, "fields": {"product": 40, "category": 5, "product_parameter": 2, "value": 10}}, {"model": "webshop.productparametervalue", "pk": 326, "fields": {"product": 43, "category": 5, "product_parameter": 2, "value": 10}}, {"model": "webshop.productparametervalue", "pk": 327, "fields": {"product": 46, "category": 5, "product_parameter": 2, "value": 10}}, {"model": "webshop.productparametervalue", "pk": 328, "fields": {"product": 49, "category": 5, "product_parameter": 2, "value": 10}}, {"model": "webshop.productparametervalue", "pk": 329, "fields": {"product": 70, "category": 5, "product_parameter": 2, "value": 10}}, {"model": "webshop.productparametervalue", "pk": 330, "fields": {"product": 73, "category": 5, "product_parameter": 2, "value": 10}}, {"model": "webshop.productparametervalue", "pk": 331, "fields": {"product": 76, "category": 5, "product_parameter": 2, "value": 10}}, {"model": "webshop.productparametervalue", "pk": 332, "fields": {"product": 88, "category": 5, "product_parameter": 2, "value": 10}}, {"model": "webshop.productparametervalue", "pk": 333, "fields": {"product": 91, "category": 5, "product_parameter": 2, "value": 10}}, {"model": "webshop.productparametervalue", "pk": 334, "fields": {"product": 94, "category": 5, "product_parameter": 2, "value": 10}}, {"model": "webshop.productparametervalue", "pk": 335, "fields": {"product": 82, "category": 5, "product_parameter": 2, "value": 10}}, {"model": "webshop.productparametervalue", "pk": 336, "fields": {"product": 97, "category": 5, "product_parameter": 2, "value": 10}}, {"model": "webshop.productparametervalue", "pk": 337, "fields": {"product": 100, "category": 5, "product_parameter": 2, "value": 10}}, {"model": "webshop.currency", "pk": 1, "fields": {"name": "UAH", "short_name": "UAH"}}, {"model": "webshop.provider", "pk": 1, "fields": {"name": "Default provider", "currency": 1, "coefficient": 1.0}}, {"model": "webshop.prefilter", "pk": 1, "fields": {"name": "iPhone 6s", "url": "Apple/i6ss", "title": "", "active": true, "first_text": "", "second_text": "", "meta_description": "", "meta_canonical": "", "meta_robots": "", "h1": "", "description": "", "original_url": "/catalogue/Apple/?1=1"}}, {"model": "webshop.prefilter", "pk": 2, "fields": {"name": "iPhone 5s+6 | 8 Gb", "url": "Apple/i5ss", "title": "", "active": true, "first_text": "", "second_text": "", "meta_description": "", "meta_canonical": "", "meta_robots": "", "h1": "", "description": "", "original_url": "/catalogue/Apple/?1=2&1=3&2=7&page=2&price_to=&order=price_DESC&price_from=0"}}, {"model": "weblayout.menu", "pk": 1, "fields": {"name": "test"}}, {"model": "weblayout.menu", "pk": 2, "fields": {"name": "new"}}, {"model": "weblayout.menuitem", "pk": 2, "fields": {"alternative_name": "", "parent": null, "content_type": ["webshop", "category"], "object_id": 8, "menu": 1, "lft": 1, "rght": 2, "tree_id": 3, "level": 0}}, {"model": "weblayout.menuitem", "pk": 4, "fields": {"alternative_name": "", "parent": null, "content_type": ["webshop", "category"], "object_id": 3, "menu": 1, "lft": 1, "rght": 2, "tree_id": 4, "level": 0}}, {"model": "weblayout.menuitem", "pk": 5, "fields": {"alternative_name": "", "parent": null, "content_type": ["webshop", "category"], "object_id": 5, "menu": 1, "lft": 1, "rght": 6, "tree_id": 2, "level": 0}}, {"model": "weblayout.menuitem", "pk": 6, "fields": {"alternative_name": "", "parent": 5, "content_type": ["webshop", "prefilter"], "object_id": 2, "menu": 1, "lft": 2, "rght": 3, "tree_id": 2, "level": 1}}, {"model": "weblayout.menuitem", "pk": 7, "fields": {"alternative_name": "", "parent": 5, "content_type": ["webshop", "prefilter"], "object_id": 1, "menu": 1, "lft": 4, "rght": 5, "tree_id": 2, "level": 1}}, {"model": "weblayout.menuitem", "pk": 8, "fields": {"alternative_name": "", "parent": null, "content_type": ["webshop", "category"], "object_id": 9, "menu": 1, "lft": 1, "rght": 2, "tree_id": 5, "level": 0}}, {"model": "weblayout.menuitem", "pk": 9, "fields": {"alternative_name": "", "parent": null, "content_type": ["webshop", "category"], "object_id": 7, "menu": 1, "lft": 1, "rght": 2, "tree_id": 6, "level": 0}}, {"model": "weblayout.menuitem", "pk": 10, "fields": {"alternative_name": "", "parent": null, "content_type": ["webshop", "category"], "object_id": 6, "menu": 1, "lft": 1, "rght": 2, "tree_id": 7, "level": 0}}, {"model": "weblayout.menuitem", "pk": 11, "fields": {"alternative_name": "", "parent": null, "content_type": ["webshop", "category"], "object_id": 4, "menu": 1, "lft": 1, "rght": 2, "tree_id": 8, "level": 0}}, {"model": "weblayout.menuitem", "pk": 12, "fields": {"alternative_name": "NoApple", "parent": null, "content_type": ["webshop", "category"], "object_id": 5, "menu": 2, "lft": 1, "rght": 2, "tree_id": 9, "level": 0}}, {"model": "weblayout.menuitem", "pk": 13, "fields": {"alternative_name": "Very long product name", "parent": null, "content_type": ["webshop", "product"], "object_id": 98, "menu": 2, "lft": 1, "rght": 2, "tree_id": 10, "level": 0}}, {"model": "weblayout.menuitem", "pk": 14, "fields": {"alternative_name": "", "parent": null, "content_type": ["webshop", "prefilter"], "object_id": 2, "menu": 2, "lft": 1, "rght": 2, "tree_id": 11, "level": 0}}, {"model": "weblayout.menuitem", "pk": 15, "fields": {"alternative_name": "", "parent": null, "content_type": ["website", "staticpage"], "object_id": 1, "menu": 2, "lft": 1, "rght": 2, "tree_id": 12, "level": 0}}, {"model": "webshopcart.productincart", "pk": 1, "fields": {"product": 93, "cart": 1, "count": 1, "price_correction": null}}, {"model": "webshopcart.productincart", "pk": 2, "fields": {"product": 82, "cart": 1, "count": 1, "price_correction": 1}}, {"model": "webshopcart.productincart", "pk": 3, "fields": {"product": 93, "cart": 2, "count": 1, "price_correction": null}}, {"model": "webshopcart.productincart", "pk": 4, "fields": {"product": 82, "cart": 2, "count": 1, "price_correction": 1}}, {"model": "webshopcart.productincart", "pk": 5, "fields": {"product": 93, "cart": 3, "count": 1, "price_correction": null}}, {"model": "webshopcart.productincart", "pk": 6, "fields": {"product": 82, "cart": 3, "count": 1, "price_correction": 1}}, {"model": "webshopcart.productincart", "pk": 7, "fields": {"product": 82, "cart": 3, "count": 1, "price_correction": null}}, {"model": "webshopcart.productincart", "pk": 8, "fields": {"product": 93, "cart": 4, "count": 1, "price_correction": null}}, {"model": "webshopcart.productincart", "pk": 9, "fields": {"product": 82, "cart": 4, "count": 1, "price_correction": 1}}, {"model": "webshopcart.productincart", "pk": 10, "fields": {"product": 82, "cart": 4, "count": 1, "price_correction": null}}, {"model": "webshopcart.productincart", "pk": 11, "fields": {"product": 93, "cart": 5, "count": 1, "price_correction": null}}, {"model": "webshopcart.productincart", "pk": 12, "fields": {"product": 82, "cart": 5, "count": 1, "price_correction": 1}}, {"model": "webshopcart.productincart", "pk": 13, "fields": {"product": 82, "cart": 5, "count": 1, "price_correction": null}}, {"model": "webshopcart.productincart", "pk": 14, "fields": {"product": 82, "cart": 6, "count": 1, "price_correction": 2}}, {"model": "webshopcart.productincart", "pk": 15, "fields": {"product": 82, "cart": 6, "count": 2, "price_correction": 1}}, {"model": "webshopcart.productincart", "pk": 16, "fields": {"product": 82, "cart": 6, "count": 1, "price_correction": null}}, {"model": "webshopcart.productincart", "pk": 17, "fields": {"product": 99, "cart": 6, "count": 1, "price_correction": null}}, {"model": "webshopcart.productincart", "pk": 18, "fields": {"product": 96, "cart": 6, "count": 1, "price_correction": null}}, {"model": "webshopcart.productincart", "pk": 19, "fields": {"product": 91, "cart": 6, "count": 1, "price_correction": null}}, {"model": "webshopcart.productincart", "pk": 20, "fields": {"product": 93, "cart": 13, "count": 1, "price_correction": null}}, {"model": "auth.user", "pk": 1, "fields": {"password": "pbkdf2_sha256$24000$74uPfTJ09mFh$xrR9lV64sKSwaFrQzQeyQEgeVk5fgsotIVEMFnhjwpw=", "last_login": "2016-04-12T14:47:04.394Z", "is_superuser": true, "username": "admin", "first_name": "", "last_name": "", "email": "admin@admin.com", "is_staff": true, "is_active": true, "date_joined": "2016-03-14T14:04:30.003Z", "groups": [], "user_permissions": []}}, {"model": "auth.user", "pk": 2, "fields": {"password": "pbkdf2_sha256$20000$KONTKxnajJ4r$8EyzRJAH/me7F+idRG4aV1yeoezw/BToN1FwiFOgOIo=", "last_login": "2016-03-23T09:42:51.989Z", "is_superuser": false, "username": "aoeu", "first_name": "", "last_name": "", "email": "aoeu@aoeu.com", "is_staff": false, "is_active": true, "date_joined": "2016-03-23T09:35:52.795Z", "groups": [], "user_permissions": []}}, {"model": "auth.user", "pk": 3, "fields": {"password": "pbkdf2_sha256$20000$4AzzWi70UOSg$lcOF4itNsMlxUAomXyyLQ9SJRMfxHLhuovF99R6DPEs=", "last_login": "2016-03-23T09:57:06.992Z", "is_superuser": false, "username": "h", "first_name": "", "last_name": "", "email": "h@h.com", "is_staff": false, "is_active": true, "date_joined": "2016-03-23T09:57:04.954Z", "groups": [], "user_permissions": []}}, {"model": "webshop.category", "pk": 3, "fields": {"name": "\u0422\u0435\u043b\u0435\u0444\u043e\u043d\u044b", "url": "telefony", "title": "\u0422\u0435\u043b\u0435\u0444\u043e\u043d\u044b", "first_text": "", "second_text": "", "meta_description": "", "meta_canonical": "", "meta_robots": "", "h1": "\u0422\u0435\u043b\u0435\u0444\u043e\u043d\u044b", "description": "", "first_image": "", "second_image": "", "template": null, "creation_date": "2016-03-15", "last_edit_date": "2016-03-15", "title_generation_rule": "", "meta_description_generation_rule": "", "h1_generation_rule": "", "users": [], "groups": []}}, {"model": "webshop.category", "pk": 4, "fields": {"name": "\u041f\u043b\u0430\u043d\u0448\u0435\u0442\u044b", "url": "planshety", "title": "\u041f\u043b\u0430\u043d\u0448\u0435\u0442\u044b", "first_text": "", "second_text": "", "meta_description": "", "meta_canonical": "", "meta_robots": "", "h1": "\u041f\u043b\u0430\u043d\u0448\u0435\u0442\u044b", "description": "", "first_image": "", "second_image": "", "template": null, "creation_date": "2016-03-15", "last_edit_date": "2016-03-15", "title_generation_rule": "", "meta_description_generation_rule": "", "h1_generation_rule": "", "users": [], "groups": []}}, {"model": "webshop.category", "pk": 5, "fields": {"name": "Apple", "url": "Apple", "title": "Apple", "first_text": "<div class=\"article-catalog-title-text\">\r\n<div class=\"col-xs-10\">\r\n<p>iPhone 6s \u0431\u043e\u043b\u044c\u0448\u0435. \u0412\u043e \u0432\u0441\u0435\u0445 \u043f\u0440\u043e\u044f\u0432\u043b\u0435\u043d\u0438\u044f\u0445.</p>\r\n</div>\r\n</div>\r\n\r\n<div class=\"article-text\">\r\n<div class=\"col-xs-12\">\r\n<p>iPhone 6s \u043d\u0435 \u043f\u0440\u043e\u0441\u0442\u043e \u0431\u043e\u043b\u044c\u0448\u0435. \u041e\u043d \u043b\u0443\u0447\u0448\u0435 \u0432\u043e \u0432\u0441\u0435\u0445 \u043e\u0442\u043d\u043e\u0448\u0435\u043d\u0438\u044f\u0445. \u0411\u043e\u043b\u044c\u0448\u0435, \u043d\u043e \u043f\u0440\u0438 \u044d\u0442\u043e\u043c \u0437\u043d\u0430\u0447\u0438\u0442\u0435\u043b\u044c\u043d\u043e \u0442\u043e\u043d\u044c\u0448\u0435. \u041c\u043e\u0449\u043d\u0435\u0435, \u043d\u043e \u043f\u0440\u0438 \u044d\u0442\u043e\u043c \u0438\u0441\u043a\u043b\u044e\u0447\u0438\u0442\u0435\u043b\u044c\u043d\u043e \u044d\u043a\u043e\u043d\u043e\u043c\u0438\u0447\u043d\u044b\u0439. \u0415\u0433\u043e \u0433\u043b\u0430\u0434\u043a\u0430\u044f \u043c\u0435\u0442\u0430\u043b\u043b\u0438\u0447\u0435\u0441\u043a\u0430\u044f \u043f\u043e\u0432\u0435\u0440\u0445\u043d\u043e\u0441\u0442\u044c \u043f\u043b\u0430\u0432\u043d\u043e \u043f\u0435\u0440\u0435\u0445\u043e\u0434\u0438\u0442 \u0432 \u0441\u0442\u0435\u043a\u043b\u043e \u043d\u043e\u0432\u043e\u0433\u043e HD-\u0434\u0438\u0441\u043f\u043b\u0435\u044f Retina, \u043e\u0431\u0440\u0430\u0437\u0443\u044f \u0446\u0435\u043b\u044c\u043d\u044b\u0439, \u0437\u0430\u043a\u043e\u043d\u0447\u0435\u043d\u043d\u044b\u0439 \u0434\u0438\u0437\u0430\u0439\u043d. \u0415\u0433\u043e \u0430\u043f\u043f\u0430\u0440\u0430\u0442\u043d\u0430\u044f \u0447\u0430\u0441\u0442\u044c \u0438\u0434\u0435\u0430\u043b\u044c\u043d\u043e \u0440\u0430\u0431\u043e\u0442\u0430\u0435\u0442 \u0441 \u043f\u0440\u043e\u0433\u0440\u0430\u043c\u043c\u043d\u044b\u043c \u043e\u0431\u0435\u0441\u043f\u0435\u0447\u0435\u043d\u0438\u0435\u043c. \u042d\u0442\u043e \u043d\u043e\u0432\u043e\u0435 \u043f\u043e\u043a\u043e\u043b\u0435\u043d\u0438\u0435 iPhone, \u0443\u043b\u0443\u0447\u0448\u0435\u043d\u043d\u043e\u0435 \u0432\u043e \u0432\u0441\u0451\u043c.</p>\r\n</div>\r\n</div>\r\n", "second_text": "            <div class=\"article-catalog-title-text\">\r\n                <div class=\"col-xs-10\">\r\n                    <p>iPhone 6s \u0431\u043e\u043b\u044c\u0448\u0435. \u0412\u043e \u0432\u0441\u0435\u0445 \u043f\u0440\u043e\u044f\u0432\u043b\u0435\u043d\u0438\u044f\u0445.</p>\r\n                </div>\r\n            </div>\r\n            <div class=\"article-text\">\r\n                <div class=\"col-xs-12\">\r\n                    <p>iPhone 6s \u043d\u0435 \u043f\u0440\u043e\u0441\u0442\u043e \u0431\u043e\u043b\u044c\u0448\u0435. \u041e\u043d \u043b\u0443\u0447\u0448\u0435 \u0432\u043e \u0432\u0441\u0435\u0445 \u043e\u0442\u043d\u043e\u0448\u0435\u043d\u0438\u044f\u0445. \u0411\u043e\u043b\u044c\u0448\u0435, \u043d\u043e \u043f\u0440\u0438 \u044d\u0442\u043e\u043c \u0437\u043d\u0430\u0447\u0438\u0442\u0435\u043b\u044c\u043d\u043e \u0442\u043e\u043d\u044c\u0448\u0435.\r\n                        \u041c\u043e\u0449\u043d\u0435\u0435, \u043d\u043e \u043f\u0440\u0438 \u044d\u0442\u043e\u043c \u0438\u0441\u043a\u043b\u044e\u0447\u0438\u0442\u0435\u043b\u044c\u043d\u043e \u044d\u043a\u043e\u043d\u043e\u043c\u0438\u0447\u043d\u044b\u0439. \u0415\u0433\u043e \u0433\u043b\u0430\u0434\u043a\u0430\u044f \u043c\u0435\u0442\u0430\u043b\u043b\u0438\u0447\u0435\u0441\u043a\u0430\u044f \u043f\u043e\u0432\u0435\u0440\u0445\u043d\u043e\u0441\u0442\u044c \u043f\u043b\u0430\u0432\u043d\u043e\r\n                        \u043f\u0435\u0440\u0435\u0445\u043e\u0434\u0438\u0442 \u0432 \u0441\u0442\u0435\u043a\u043b\u043e \u043d\u043e\u0432\u043e\u0433\u043e HD-\u0434\u0438\u0441\u043f\u043b\u0435\u044f Retina, \u043e\u0431\u0440\u0430\u0437\u0443\u044f \u0446\u0435\u043b\u044c\u043d\u044b\u0439, \u0437\u0430\u043a\u043e\u043d\u0447\u0435\u043d\u043d\u044b\u0439 \u0434\u0438\u0437\u0430\u0439\u043d. \u0415\u0433\u043e \u0430\u043f\u043f\u0430\u0440\u0430\u0442\u043d\u0430\u044f\r\n                        \u0447\u0430\u0441\u0442\u044c \u0438\u0434\u0435\u0430\u043b\u044c\u043d\u043e \u0440\u0430\u0431\u043e\u0442\u0430\u0435\u0442 \u0441 \u043f\u0440\u043e\u0433\u0440\u0430\u043c\u043c\u043d\u044b\u043c \u043e\u0431\u0435\u0441\u043f\u0435\u0447\u0435\u043d\u0438\u0435\u043c. \u042d\u0442\u043e \u043d\u043e\u0432\u043e\u0435 \u043f\u043e\u043a\u043e\u043b\u0435\u043d\u0438\u0435 iPhone, \u0443\u043b\u0443\u0447\u0448\u0435\u043d\u043d\u043e\u0435 \u0432\u043e\r\n                        \u0432\u0441\u0451\u043c.</p>\r\n                </div>\r\n            </div>", "meta_description": "", "meta_canonical": "", "meta_robots": "", "h1": "Apple", "description": "", "first_image": "", "second_image": "", "template": null, "creation_date": "2016-03-15", "last_edit_date": "2016-03-15", "title_generation_rule": "", "meta_description_generation_rule": "", "h1_generation_rule": "", "users": [], "groups": []}}, {"model": "webshop.category", "pk": 6, "fields": {"name": "\u0413\u0430\u0434\u0436\u0435\u0442\u044b", "url": "gadzhety", "title": "\u0413\u0430\u0434\u0436\u0435\u0442\u044b", "first_text": "", "second_text": "", "meta_description": "", "meta_canonical": "", "meta_robots": "", "h1": "\u0413\u0430\u0434\u0436\u0435\u0442\u044b", "description": "", "first_image": "", "second_image": "", "template": null, "creation_date": "2016-03-15", "last_edit_date": "2016-03-15", "title_generation_rule": "", "meta_description_generation_rule": "", "h1_generation_rule": "", "users": [], "groups": []}}, {"model": "webshop.category", "pk": 7, "fields": {"name": "\u041d\u043e\u0443\u0442\u0431\u0443\u043a\u0438", "url": "noutbuki", "title": "\u041d\u043e\u0443\u0442\u0431\u0443\u043a\u0438", "first_text": "", "second_text": "", "meta_description": "", "meta_canonical": "", "meta_robots": "", "h1": "\u041d\u043e\u0443\u0442\u0431\u0443\u043a\u0438", "description": "", "first_image": "", "second_image": "", "template": null, "creation_date": "2016-03-15", "last_edit_date": "2016-03-15", "title_generation_rule": "", "meta_description_generation_rule": "", "h1_generation_rule": "", "users": [], "groups": []}}, {"model": "webshop.category", "pk": 8, "fields": {"name": "\u0422\u0435\u043b\u0435\u0432\u0438\u0437\u043e\u0440\u044b", "url": "televizory", "title": "\u0422\u0435\u043b\u0435\u0432\u0438\u0437\u043e\u0440\u044b", "first_text": "", "second_text": "", "meta_description": "", "meta_canonical": "", "meta_robots": "", "h1": "\u0422\u0435\u043b\u0435\u0432\u0438\u0437\u043e\u0440\u044b", "description": "", "first_image": "", "second_image": "", "template": null, "creation_date": "2016-03-15", "last_edit_date": "2016-03-15", "title_generation_rule": "", "meta_description_generation_rule": "", "h1_generation_rule": "", "users": [], "groups": []}}, {"model": "webshop.category", "pk": 9, "fields": {"name": "\u0424\u043e\u0442\u043e", "url": "foto", "title": "\u0424\u043e\u0442\u043e", "first_text": "", "second_text": "", "meta_description": "", "meta_canonical": "", "meta_robots": "", "h1": "\u0424\u043e\u0442\u043e", "description": "", "first_image": "", "second_image": "", "template": null, "creation_date": "2016-03-15", "last_edit_date": "2016-03-15", "title_generation_rule": "", "meta_description_generation_rule": "", "h1_generation_rule": "", "users": [], "groups": []}}, {"model": "webshopcart.productcart", "pk": 1, "fields": {"owner": ["aoeu"], "username": "aoeu", "email": "aoeu@aoeu.com", "phone": "8228602024", "description": " ", "date_on_add": "2016-03-23T09:43:36.479Z", "date_on_close": null, "closed": false, "paid": false, "fixed_sum": 138090.0, "delivery": 2}}, {"model": "webshopcart.productcart", "pk": 2, "fields": {"owner": ["h"], "username": "h", "email": "h@h.com", "phone": "82648086060", "description": "no comments", "date_on_add": "2016-03-23T09:57:36.366Z", "date_on_close": null, "closed": false, "paid": false, "fixed_sum": 138190.0, "delivery": 1}}, {"model": "webshopcart.productcart", "pk": 3, "fields": {"owner": ["h"], "username": "h", "email": "h@h.com", "phone": "042040640640", "description": "\u041a\u043e\u043c\u043c\u0435\u043d\u0442\u0430\u0440\u0438\u0439 \u043a \u0437\u0430\u043a\u0430\u0437\u0443", "date_on_add": "2016-03-23T09:59:12.528Z", "date_on_close": null, "closed": false, "paid": false, "fixed_sum": 213761.0, "delivery": 2}}, {"model": "webshopcart.productcart", "pk": 4, "fields": {"owner": ["h"], "username": "h", "email": "h@h.com", "phone": "042064042064", "description": "\u041a\u043e\u043c\u043c\u0435\u043d\u0442\u0430\u0440\u0438\u0439 \u043a \u0437\u0430\u043a\u0430\u0437\u0443\n\n\u0413\u043e\u0440\u043e\u0434: \u0410\u0440\u0446\u0438\u0437\n\u041e\u0442\u0434\u0435\u043b\u0435\u043d\u0438\u0435: \u041e\u0442\u0434\u0435\u043b\u0435\u043d\u0438\u0435 \u21161: \u0443\u043b. \u0412\u043e\u0440\u043e\u0448\u0438\u043b\u043e\u0432\u0430, 48\u0430", "date_on_add": "2016-03-23T10:00:01.388Z", "date_on_close": null, "closed": false, "paid": false, "fixed_sum": 213961.0, "delivery": 3}}, {"model": "webshopcart.productcart", "pk": 5, "fields": {"owner": null, "username": "notknow", "email": "h@hh.com", "phone": "4626460606", "description": "\u041a\u043e\u043c\u043c\u0435\u043d\u0442\u0430\u0440\u0438\u0439 \u043a \u0437\u0430\u043a\u0430\u0437\u0443", "date_on_add": "2016-03-23T10:01:36.556Z", "date_on_close": null, "closed": false, "paid": false, "fixed_sum": 213861.0, "delivery": 1}}, {"model": "webshopcart.productcart", "pk": 6, "fields": {"owner": ["admin"], "username": "admin", "email": "admin@admin.com", "phone": "6480086", "description": "\u041a\u043e\u043c\u043c\u0435\u043d\u0442\u0430\u0440\u0438\u0439 \u043a \u0437\u0430\u043a\u0430\u0437\u0443", "date_on_add": "2016-03-23T10:09:37.173Z", "date_on_close": null, "closed": false, "paid": false, "fixed_sum": 508638.0, "delivery": 1}}, {"model": "webshopcart.productcart", "pk": 13, "fields": {"owner": null, "username": "fitnessport82@ukr.net", "email": "a@s.com", "phone": "33333", "description": "", "date_on_add": "2016-03-28T08:01:19.633Z", "date_on_close": null, "closed": false, "paid": false, "fixed_sum": 84190.0, "delivery": 1}}, {"model": "admin.logentry", "pk": 1, "fields": {"action_time": "2016-03-15T08:41:32.761Z", "user": ["admin"], "content_type": ["webshop", "manufacturer"], "object_id": "1", "object_repr": "Mediaset", "action_flag": 1, "change_message": ""}}, {"model": "admin.logentry", "pk": 2, "fields": {"action_time": "2016-03-15T08:42:34.788Z", "user": ["admin"], "content_type": ["webshop", "manufacturer"], "object_id": "1", "object_repr": "Mediaset", "action_flag": 2, "change_message": "\u0417\u043c\u0456\u043d\u0435\u043d\u043e slug."}}, {"model": "admin.logentry", "pk": 3, "fields": {"action_time": "2016-03-15T08:46:22.642Z", "user": ["admin"], "content_type": ["webshop", "category"], "object_id": "3", "object_repr": "\u0422\u0435\u043b\u0435\u0444\u043e\u043d\u044b", "action_flag": 1, "change_message": ""}}, {"model": "admin.logentry", "pk": 4, "fields": {"action_time": "2016-03-15T08:50:08.462Z", "user": ["admin"], "content_type": ["webshop", "category"], "object_id": "4", "object_repr": "\u041f\u043b\u0430\u043d\u0448\u0435\u0442\u044b", "action_flag": 1, "change_message": ""}}, {"model": "admin.logentry", "pk": 5, "fields": {"action_time": "2016-03-15T08:50:27.652Z", "user": ["admin"], "content_type": ["webshop", "category"], "object_id": "5", "object_repr": "Apple", "action_flag": 1, "change_message": ""}}, {"model": "admin.logentry", "pk": 6, "fields": {"action_time": "2016-03-15T08:50:43.911Z", "user": ["admin"], "content_type": ["webshop", "category"], "object_id": "6", "object_repr": "\u0413\u0430\u0434\u0436\u0435\u0442\u044b", "action_flag": 1, "change_message": ""}}, {"model": "admin.logentry", "pk": 7, "fields": {"action_time": "2016-03-15T08:51:01.013Z", "user": ["admin"], "content_type": ["webshop", "category"], "object_id": "7", "object_repr": "\u041d\u043e\u0443\u0442\u0431\u0443\u043a\u0438", "action_flag": 1, "change_message": ""}}, {"model": "admin.logentry", "pk": 8, "fields": {"action_time": "2016-03-15T08:51:18.057Z", "user": ["admin"], "content_type": ["webshop", "category"], "object_id": "8", "object_repr": "\u0422\u0435\u043b\u0435\u0432\u0438\u0437\u043e\u0440\u044b", "action_flag": 1, "change_message": ""}}, {"model": "admin.logentry", "pk": 9, "fields": {"action_time": "2016-03-15T08:51:33.418Z", "user": ["admin"], "content_type": ["webshop", "category"], "object_id": "9", "object_repr": "\u0424\u043e\u0442\u043e", "action_flag": 1, "change_message": ""}}, {"model": "admin.logentry", "pk": 23, "fields": {"action_time": "2016-03-15T10:23:31.327Z", "user": ["admin"], "content_type": ["webshop", "category"], "object_id": "5", "object_repr": "Apple", "action_flag": 2, "change_message": "\u0417\u043c\u0456\u043d\u0435\u043d\u043e first_text."}}, {"model": "admin.logentry", "pk": 24, "fields": {"action_time": "2016-03-15T11:39:40.332Z", "user": ["admin"], "content_type": ["webshop", "category"], "object_id": "5", "object_repr": "Apple", "action_flag": 2, "change_message": "\u0417\u043c\u0456\u043d\u0435\u043d\u043e second_text."}}, {"model": "admin.logentry", "pk": 25, "fields": {"action_time": "2016-03-15T12:09:10.025Z", "user": ["admin"], "content_type": ["webshop", "currency"], "object_id": "1", "object_repr": "UAH", "action_flag": 1, "change_message": ""}}, {"model": "admin.logentry", "pk": 26, "fields": {"action_time": "2016-03-15T12:09:22.164Z", "user": ["admin"], "content_type": ["webshop", "provider"], "object_id": "1", "object_repr": "Default provider", "action_flag": 1, "change_message": ""}}, {"model": "admin.logentry", "pk": 27, "fields": {"action_time": "2016-03-15T12:13:01.115Z", "user": ["admin"], "content_type": ["webshop", "productparameter"], "object_id": "1", "object_repr": "\u041c\u043e\u0434\u0435\u043b\u044c", "action_flag": 1, "change_message": ""}}, {"model": "admin.logentry", "pk": 28, "fields": {"action_time": "2016-03-15T12:13:44.295Z", "user": ["admin"], "content_type": ["webshop", "productparameter"], "object_id": "2", "object_repr": "\u041e\u0431\u044a\u0435\u043c \u043f\u0430\u043c\u044f\u0442\u0438", "action_flag": 1, "change_message": ""}}, {"model": "admin.logentry", "pk": 29, "fields": {"action_time": "2016-03-15T12:14:20.339Z", "user": ["admin"], "content_type": ["webshop", "productparameter"], "object_id": "3", "object_repr": "\u0414\u0438\u0430\u0433\u043e\u043d\u0430\u043b\u044c \u044d\u043a\u0440\u0430\u043d\u0430", "action_flag": 1, "change_message": ""}}, {"model": "admin.logentry", "pk": 30, "fields": {"action_time": "2016-03-15T12:17:15.664Z", "user": ["admin"], "content_type": ["webshop", "productparameteravailablevalue"], "object_id": "1", "object_repr": "iPhone 6s", "action_flag": 1, "change_message": ""}}, {"model": "admin.logentry", "pk": 31, "fields": {"action_time": "2016-03-15T12:18:31.958Z", "user": ["admin"], "content_type": ["webshop", "productparameteravailablevalue"], "object_id": "2", "object_repr": "iPhone 6", "action_flag": 1, "change_message": ""}}, {"model": "admin.logentry", "pk": 32, "fields": {"action_time": "2016-03-15T12:18:47.605Z", "user": ["admin"], "content_type": ["webshop", "productparameteravailablevalue"], "object_id": "3", "object_repr": "iPhone 5s", "action_flag": 1, "change_message": ""}}, {"model": "admin.logentry", "pk": 33, "fields": {"action_time": "2016-03-15T12:19:03.555Z", "user": ["admin"], "content_type": ["webshop", "productparameteravailablevalue"], "object_id": "4", "object_repr": "iPhone 5c", "action_flag": 1, "change_message": ""}}, {"model": "admin.logentry", "pk": 34, "fields": {"action_time": "2016-03-15T12:19:38.026Z", "user": ["admin"], "content_type": ["webshop", "productparameteravailablevalue"], "object_id": "5", "object_repr": "5", "action_flag": 1, "change_message": ""}}, {"model": "admin.logentry", "pk": 35, "fields": {"action_time": "2016-03-15T12:19:50.732Z", "user": ["admin"], "content_type": ["webshop", "productparameteravailablevalue"], "object_id": "6", "object_repr": "6", "action_flag": 1, "change_message": ""}}, {"model": "admin.logentry", "pk": 36, "fields": {"action_time": "2016-03-15T12:20:20.559Z", "user": ["admin"], "content_type": ["webshop", "productparameteravailablevalue"], "object_id": "7", "object_repr": "8 \u0413\u0411", "action_flag": 1, "change_message": ""}}, {"model": "admin.logentry", "pk": 37, "fields": {"action_time": "2016-03-15T12:20:33.386Z", "user": ["admin"], "content_type": ["webshop", "productparameteravailablevalue"], "object_id": "8", "object_repr": "16 \u0413\u0411", "action_flag": 1, "change_message": ""}}, {"model": "admin.logentry", "pk": 38, "fields": {"action_time": "2016-03-15T12:20:50.275Z", "user": ["admin"], "content_type": ["webshop", "productparameteravailablevalue"], "object_id": "9", "object_repr": "32 \u0413\u0411", "action_flag": 1, "change_message": ""}}, {"model": "admin.logentry", "pk": 39, "fields": {"action_time": "2016-03-15T12:24:16.874Z", "user": ["admin"], "content_type": ["webshop", "product"], "object_id": "1", "object_repr": "\u041c\u043e\u0431\u0438\u043b\u044c\u043d\u044b\u0439 \u0442\u0435\u043b\u0435\u0444\u043e\u043d Apple iPhone 5c 8GB Space Gray", "action_flag": 1, "change_message": ""}}, {"model": "admin.logentry", "pk": 40, "fields": {"action_time": "2016-03-15T12:24:56.511Z", "user": ["admin"], "content_type": ["webshop", "product"], "object_id": "1", "object_repr": "\u041c\u043e\u0431\u0438\u043b\u044c\u043d\u044b\u0439 \u0442\u0435\u043b\u0435\u0444\u043e\u043d Apple iPhone 5c 8GB Space Gray", "action_flag": 2, "change_message": "\u0417\u043c\u0456\u043d\u0435\u043d\u043e code."}}, {"model": "admin.logentry", "pk": 41, "fields": {"action_time": "2016-03-16T14:50:46.988Z", "user": ["admin"], "content_type": ["webshop", "product"], "object_id": "82", "object_repr": "\u041c\u043e\u0431\u0438\u043b\u044c\u043d\u044b\u0439 \u0442\u0435\u043b\u0435\u0444\u043e\u043d Apple iPhone 6s and others 82", "action_flag": 2, "change_message": "Added Product Image Position \"tete\". Added Product Image Position \"etet\"."}}, {"model": "admin.logentry", "pk": 42, "fields": {"action_time": "2016-03-17T08:39:59.090Z", "user": ["admin"], "content_type": ["webshop", "product"], "object_id": "82", "object_repr": "\u041c\u043e\u0431\u0438\u043b\u044c\u043d\u044b\u0439 \u0442\u0435\u043b\u0435\u0444\u043e\u043d Apple iPhone 6s and others 82", "action_flag": 2, "change_message": "\u0414\u043e\u0434\u0430\u043d\u043e Product Price Correction \"16 GB\". \u0414\u043e\u0434\u0430\u043d\u043e Product Price Correction \"32 GB\". \u0414\u043e\u0434\u0430\u043d\u043e Product Price Correction \"64 GB\"."}}, {"model": "admin.logentry", "pk": 43, "fields": {"action_time": "2016-03-17T09:15:06.168Z", "user": ["admin"], "content_type": ["webshop", "margin"], "object_id": "1", "object_repr": "10 %", "action_flag": 1, "change_message": ""}}, {"model": "admin.logentry", "pk": 44, "fields": {"action_time": "2016-03-17T09:15:11.890Z", "user": ["admin"], "content_type": ["webshop", "product"], "object_id": "82", "object_repr": "\u041c\u043e\u0431\u0438\u043b\u044c\u043d\u044b\u0439 \u0442\u0435\u043b\u0435\u0444\u043e\u043d Apple iPhone 6s and others 82", "action_flag": 2, "change_message": "\u0417\u043c\u0456\u043d\u0435\u043d\u043e margin."}}, {"model": "admin.logentry", "pk": 45, "fields": {"action_time": "2016-03-17T09:16:52.403Z", "user": ["admin"], "content_type": ["webshop", "sale"], "object_id": "1", "object_repr": "10 %", "action_flag": 1, "change_message": ""}}, {"model": "admin.logentry", "pk": 46, "fields": {"action_time": "2016-03-17T09:16:56.775Z", "user": ["admin"], "content_type": ["webshop", "product"], "object_id": "82", "object_repr": "\u041c\u043e\u0431\u0438\u043b\u044c\u043d\u044b\u0439 \u0442\u0435\u043b\u0435\u0444\u043e\u043d Apple iPhone 6s and others 82", "action_flag": 2, "change_message": "\u0417\u043c\u0456\u043d\u0435\u043d\u043e sale \u0442\u0430 margin."}}, {"model": "admin.logentry", "pk": 47, "fields": {"action_time": "2016-03-17T09:17:38.651Z", "user": ["admin"], "content_type": ["webshop", "product"], "object_id": "82", "object_repr": "\u041c\u043e\u0431\u0438\u043b\u044c\u043d\u044b\u0439 \u0442\u0435\u043b\u0435\u0444\u043e\u043d Apple iPhone 6s and others 82", "action_flag": 2, "change_message": "\u0417\u043c\u0456\u043d\u0435\u043d\u043e sale."}}, {"model": "admin.logentry", "pk": 48, "fields": {"action_time": "2016-03-17T09:17:57.681Z", "user": ["admin"], "content_type": ["webshop", "product"], "object_id": "82", "object_repr": "\u041c\u043e\u0431\u0438\u043b\u044c\u043d\u044b\u0439 \u0442\u0435\u043b\u0435\u0444\u043e\u043d Apple iPhone 6s and others 82", "action_flag": 2, "change_message": "\u0417\u043c\u0456\u043d\u0435\u043d\u043e sale."}}, {"model": "admin.logentry", "pk": 49, "fields": {"action_time": "2016-03-17T10:49:06.444Z", "user": ["admin"], "content_type": ["webshop", "manufacturer"], "object_id": "2", "object_repr": "Rich", "action_flag": 1, "change_message": ""}}, {"model": "admin.logentry", "pk": 50, "fields": {"action_time": "2016-03-17T10:49:15.660Z", "user": ["admin"], "content_type": ["webshop", "manufacturer"], "object_id": "3", "object_repr": "Apple", "action_flag": 1, "change_message": ""}}, {"model": "admin.logentry", "pk": 51, "fields": {"action_time": "2016-03-18T10:39:24.207Z", "user": ["admin"], "content_type": ["webshop", "prefilter"], "object_id": "1", "object_repr": "iPhone 6s", "action_flag": 1, "change_message": ""}}, {"model": "admin.logentry", "pk": 52, "fields": {"action_time": "2016-03-18T10:40:08.177Z", "user": ["admin"], "content_type": ["webshop", "prefilter"], "object_id": "2", "object_repr": "iPhone 5s", "action_flag": 1, "change_message": ""}}, {"model": "admin.logentry", "pk": 53, "fields": {"action_time": "2016-03-18T10:43:15.004Z", "user": ["admin"], "content_type": ["webshop", "prefilter"], "object_id": "2", "object_repr": "iPhone 5s", "action_flag": 2, "change_message": "\u0417\u043c\u0456\u043d\u0435\u043d\u043e url."}}, {"model": "admin.logentry", "pk": 54, "fields": {"action_time": "2016-03-18T10:43:26.226Z", "user": ["admin"], "content_type": ["webshop", "prefilter"], "object_id": "1", "object_repr": "iPhone 6s", "action_flag": 2, "change_message": "\u0417\u043c\u0456\u043d\u0435\u043d\u043e url."}}, {"model": "admin.logentry", "pk": 57, "fields": {"action_time": "2016-03-18T12:32:41.611Z", "user": ["admin"], "content_type": ["website", "banner"], "object_id": "1", "object_repr": "home_page", "action_flag": 1, "change_message": ""}}, {"model": "admin.logentry", "pk": 58, "fields": {"action_time": "2016-03-18T13:56:59.769Z", "user": ["admin"], "content_type": ["webshop", "product"], "object_id": "96", "object_repr": "\u041c\u043e\u0431\u0438\u043b\u044c\u043d\u044b\u0439 \u0442\u0435\u043b\u0435\u0444\u043e\u043d Apple iPhone 6s and others 96", "action_flag": 2, "change_message": "Changed sale."}}, {"model": "admin.logentry", "pk": 59, "fields": {"action_time": "2016-03-18T13:57:12.935Z", "user": ["admin"], "content_type": ["webshop", "product"], "object_id": "28", "object_repr": "\u041c\u043e\u0431\u0438\u043b\u044c\u043d\u044b\u0439 \u0442\u0435\u043b\u0435\u0444\u043e\u043d Apple iPhone 5s 28", "action_flag": 2, "change_message": "Changed sale."}}, {"model": "admin.logentry", "pk": 60, "fields": {"action_time": "2016-03-18T13:57:24.190Z", "user": ["admin"], "content_type": ["webshop", "product"], "object_id": "50", "object_repr": "\u041c\u043e\u0431\u0438\u043b\u044c\u043d\u044b\u0439 \u0442\u0435\u043b\u0435\u0444\u043e\u043d Apple iPhone 5s 50", "action_flag": 2, "change_message": "Changed sale."}}, {"model": "admin.logentry", "pk": 61, "fields": {"action_time": "2016-03-18T13:57:41.257Z", "user": ["admin"], "content_type": ["webshop", "product"], "object_id": "1", "object_repr": "\u041c\u043e\u0431\u0438\u043b\u044c\u043d\u044b\u0439 \u0442\u0435\u043b\u0435\u0444\u043e\u043d Apple iPhone 5c 8GB Space Gray", "action_flag": 2, "change_message": "Changed sale."}}, {"model": "admin.logentry", "pk": 62, "fields": {"action_time": "2016-03-18T13:58:02.180Z", "user": ["admin"], "content_type": ["webshop", "specialproposition"], "object_id": "1", "object_repr": "new", "action_flag": 1, "change_message": ""}}, {"model": "admin.logentry", "pk": 63, "fields": {"action_time": "2016-03-18T13:58:11.507Z", "user": ["admin"], "content_type": ["webshop", "specialproposition"], "object_id": "2", "object_repr": "gift", "action_flag": 1, "change_message": ""}}, {"model": "admin.logentry", "pk": 64, "fields": {"action_time": "2016-03-18T13:58:48.984Z", "user": ["admin"], "content_type": ["webshop", "product"], "object_id": "100", "object_repr": "\u041c\u043e\u0431\u0438\u043b\u044c\u043d\u044b\u0439 \u0442\u0435\u043b\u0435\u0444\u043e\u043d Apple iPhone 6s and others 100", "action_flag": 2, "change_message": "Changed special_proposition."}}, {"model": "admin.logentry", "pk": 65, "fields": {"action_time": "2016-03-18T13:59:19.177Z", "user": ["admin"], "content_type": ["webshop", "product"], "object_id": "93", "object_repr": "\u041c\u043e\u0431\u0438\u043b\u044c\u043d\u044b\u0439 \u0442\u0435\u043b\u0435\u0444\u043e\u043d Apple iPhone 6s and others 93", "action_flag": 2, "change_message": "Changed special_proposition."}}, {"model": "admin.logentry", "pk": 66, "fields": {"action_time": "2016-03-18T13:59:31.110Z", "user": ["admin"], "content_type": ["webshop", "product"], "object_id": "84", "object_repr": "\u041c\u043e\u0431\u0438\u043b\u044c\u043d\u044b\u0439 \u0442\u0435\u043b\u0435\u0444\u043e\u043d Apple iPhone 6s and others 84", "action_flag": 2, "change_message": "Changed special_proposition."}}, {"model": "admin.logentry", "pk": 67, "fields": {"action_time": "2016-03-18T13:59:44.731Z", "user": ["admin"], "content_type": ["webshop", "product"], "object_id": "67", "object_repr": "\u041c\u043e\u0431\u0438\u043b\u044c\u043d\u044b\u0439 \u0442\u0435\u043b\u0435\u0444\u043e\u043d Apple iPhone 6 67", "action_flag": 2, "change_message": "Changed special_proposition."}}, {"model": "admin.logentry", "pk": 68, "fields": {"action_time": "2016-03-18T14:00:08.888Z", "user": ["admin"], "content_type": ["webshop", "product"], "object_id": "64", "object_repr": "\u041c\u043e\u0431\u0438\u043b\u044c\u043d\u044b\u0439 \u0442\u0435\u043b\u0435\u0444\u043e\u043d Apple iPhone 6 64", "action_flag": 2, "change_message": "Changed special_proposition."}}, {"model": "admin.logentry", "pk": 69, "fields": {"action_time": "2016-03-18T14:00:26.907Z", "user": ["admin"], "content_type": ["webshop", "product"], "object_id": "99", "object_repr": "\u041c\u043e\u0431\u0438\u043b\u044c\u043d\u044b\u0439 \u0442\u0435\u043b\u0435\u0444\u043e\u043d Apple iPhone 6s and others 99", "action_flag": 2, "change_message": "Changed special_proposition."}}, {"model": "admin.logentry", "pk": 70, "fields": {"action_time": "2016-03-18T14:00:39.672Z", "user": ["admin"], "content_type": ["webshop", "product"], "object_id": "59", "object_repr": "\u041c\u043e\u0431\u0438\u043b\u044c\u043d\u044b\u0439 \u0442\u0435\u043b\u0435\u0444\u043e\u043d Apple iPhone 6 59", "action_flag": 2, "change_message": "Changed special_proposition."}}, {"model": "admin.logentry", "pk": 71, "fields": {"action_time": "2016-03-18T14:00:51.940Z", "user": ["admin"], "content_type": ["webshop", "product"], "object_id": "57", "object_repr": "\u041c\u043e\u0431\u0438\u043b\u044c\u043d\u044b\u0439 \u0442\u0435\u043b\u0435\u0444\u043e\u043d Apple iPhone 6 57", "action_flag": 2, "change_message": "Changed special_proposition."}}, {"model": "admin.logentry", "pk": 72, "fields": {"action_time": "2016-03-18T14:01:04.806Z", "user": ["admin"], "content_type": ["webshop", "product"], "object_id": "56", "object_repr": "\u041c\u043e\u0431\u0438\u043b\u044c\u043d\u044b\u0439 \u0442\u0435\u043b\u0435\u0444\u043e\u043d Apple iPhone 6 56", "action_flag": 2, "change_message": "Changed special_proposition."}}, {"model": "admin.logentry", "pk": 73, "fields": {"action_time": "2016-03-21T13:43:31.179Z", "user": ["admin"], "content_type": ["webshop", "deliveryrule"], "object_id": "1", "object_repr": "\u041f\u0440\u043e\u0441\u0442\u0430\u044f", "action_flag": 1, "change_message": ""}}, {"model": "admin.logentry", "pk": 74, "fields": {"action_time": "2016-03-21T13:43:46.278Z", "user": ["admin"], "content_type": ["webshop", "deliveryrule"], "object_id": "2", "object_repr": "\u0411\u0435\u0437 \u0434\u043e\u0441\u0442\u0430\u0432\u043a\u0438", "action_flag": 1, "change_message": ""}}, {"model": "admin.logentry", "pk": 75, "fields": {"action_time": "2016-03-21T13:44:05.699Z", "user": ["admin"], "content_type": ["webshop", "deliveryrule"], "object_id": "3", "object_repr": "\u041d\u0430\u0432\u0430\u044f \u041f\u043e\u0447\u0442\u0430", "action_flag": 1, "change_message": ""}}, {"model": "admin.logentry", "pk": 76, "fields": {"action_time": "2016-03-21T13:49:18.171Z", "user": ["admin"], "content_type": ["webshop", "deliveryrule"], "object_id": "2", "object_repr": "\u0411\u0435\u0437 \u0434\u043e\u0441\u0442\u0430\u0432\u043a\u0438", "action_flag": 2, "change_message": "\u0417\u043c\u0456\u043d\u0435\u043d\u043e code."}}, {"model": "admin.logentry", "pk": 77, "fields": {"action_time": "2016-03-23T15:32:14.986Z", "user": ["admin"], "content_type": ["webshop", "prefilter"], "object_id": "2", "object_repr": "iPhone 5s", "action_flag": 2, "change_message": "\u0417\u043c\u0456\u043d\u0435\u043d\u043e original_url."}}, {"model": "admin.logentry", "pk": 78, "fields": {"action_time": "2016-03-24T08:59:17.609Z", "user": ["admin"], "content_type": ["webshop", "prefilter"], "object_id": "2", "object_repr": "iPhone 5s", "action_flag": 2, "change_message": "\u0417\u043c\u0456\u043d\u0435\u043d\u043e original_url."}}, {"model": "admin.logentry", "pk": 79, "fields": {"action_time": "2016-03-24T09:05:58.751Z", "user": ["admin"], "content_type": ["webshop", "prefilter"], "object_id": "2", "object_repr": "iPhone 5s", "action_flag": 2, "change_message": "\u0417\u043c\u0456\u043d\u0435\u043d\u043e original_url."}}, {"model": "admin.logentry", "pk": 80, "fields": {"action_time": "2016-03-24T09:09:02.592Z", "user": ["admin"], "content_type": ["webshop", "prefilter"], "object_id": "2", "object_repr": "iPhone 5s", "action_flag": 2, "change_message": "\u0417\u043c\u0456\u043d\u0435\u043d\u043e original_url."}}, {"model": "admin.logentry", "pk": 81, "fields": {"action_time": "2016-03-24T09:10:09.085Z", "user": ["admin"], "content_type": ["webshop", "prefilter"], "object_id": "2", "object_repr": "iPhone 5s", "action_flag": 2, "change_message": "\u0417\u043c\u0456\u043d\u0435\u043d\u043e original_url."}}, {"model": "admin.logentry", "pk": 82, "fields": {"action_time": "2016-03-24T09:11:04.681Z", "user": ["admin"], "content_type": ["webshop", "prefilter"], "object_id": "2", "object_repr": "iPhone 5s", "action_flag": 2, "change_message": "\u0417\u043c\u0456\u043d\u0435\u043d\u043e original_url."}}, {"model": "admin.logentry", "pk": 83, "fields": {"action_time": "2016-03-24T09:29:27.532Z", "user": ["admin"], "content_type": ["webshop", "prefilter"], "object_id": "2", "object_repr": "iPhone 5s", "action_flag": 2, "change_message": "\u0417\u043c\u0456\u043d\u0435\u043d\u043e original_url."}}, {"model": "admin.logentry", "pk": 84, "fields": {"action_time": "2016-03-24T10:39:42.261Z", "user": ["admin"], "content_type": ["webshop", "prefilter"], "object_id": "2", "object_repr": "iPhone 5s+6 | 8 Gb", "action_flag": 2, "change_message": "\u0417\u043c\u0456\u043d\u0435\u043d\u043e name."}}, {"model": "admin.logentry", "pk": 85, "fields": {"action_time": "2016-03-28T09:31:34.259Z", "user": ["admin"], "content_type": ["weblayout", "menu"], "object_id": "1", "object_repr": "Menu object", "action_flag": 1, "change_message": "\u0414\u043e\u0434\u0430\u043d\u043e."}}, {"model": "admin.logentry", "pk": 86, "fields": {"action_time": "2016-03-28T09:33:15.425Z", "user": ["admin"], "content_type": ["weblayout", "menuitem"], "object_id": "1", "object_repr": "MenuItem object", "action_flag": 1, "change_message": "\u0414\u043e\u0434\u0430\u043d\u043e."}}, {"model": "admin.logentry", "pk": 87, "fields": {"action_time": "2016-03-28T10:12:14.651Z", "user": ["admin"], "content_type": ["weblayout", "menuitem"], "object_id": "2", "object_repr": "\u0422\u0435\u043b\u0435\u0432\u0438\u0437\u043e\u0440\u044b of test", "action_flag": 1, "change_message": ""}}, {"model": "admin.logentry", "pk": 88, "fields": {"action_time": "2016-03-28T11:05:52.409Z", "user": ["admin"], "content_type": ["weblayout", "menu"], "object_id": "1", "object_repr": "test", "action_flag": 2, "change_message": "\u0417\u043c\u0456\u043d\u0435\u043d\u043e content_type \u0442\u0430 object_id \u0434\u043b\u044f menu item \"None of test\"."}}, {"model": "admin.logentry", "pk": 89, "fields": {"action_time": "2016-03-28T11:07:26.847Z", "user": ["admin"], "content_type": ["weblayout", "menu"], "object_id": "1", "object_repr": "test", "action_flag": 2, "change_message": "\u0414\u043e\u0434\u0430\u043d\u043e menu item \"\u0422\u0435\u043b\u0435\u0444\u043e\u043d\u044b of test\"."}}, {"model": "admin.logentry", "pk": 90, "fields": {"action_time": "2016-03-28T11:08:17.640Z", "user": ["admin"], "content_type": ["weblayout", "menu"], "object_id": "1", "object_repr": "test", "action_flag": 2, "change_message": "\u0414\u043e\u0434\u0430\u043d\u043e menu item \"Apple of test\"."}}, {"model": "admin.logentry", "pk": 91, "fields": {"action_time": "2016-03-28T11:08:44.144Z", "user": ["admin"], "content_type": ["weblayout", "menu"], "object_id": "1", "object_repr": "test", "action_flag": 2, "change_message": "\u0414\u043e\u0434\u0430\u043d\u043e menu item \"iPhone 5s+6 | 8 Gb of test\". \u0417\u043c\u0456\u043d\u0435\u043d\u043e parent \u0434\u043b\u044f menu item \"Apple of test\"."}}, {"model": "admin.logentry", "pk": 92, "fields": {"action_time": "2016-03-28T11:09:32.201Z", "user": ["admin"], "content_type": ["weblayout", "menu"], "object_id": "1", "object_repr": "test", "action_flag": 2, "change_message": "\u0414\u043e\u0434\u0430\u043d\u043e menu item \"iPhone 6s of test\". \u0417\u043c\u0456\u043d\u0435\u043d\u043e parent \u0434\u043b\u044f menu item \"\u0422\u0435\u043b\u0435\u0432\u0438\u0437\u043e\u0440\u044b of test\". \u0417\u043c\u0456\u043d\u0435\u043d\u043e parent \u0434\u043b\u044f menu item \"\u0422\u0435\u043b\u0435\u0444\u043e\u043d\u044b of test\". \u0412\u0438\u0434\u0430\u043b\u0435\u043d\u043e menu item \"Aaaa of test\"."}}, {"model": "admin.logentry", "pk": 93, "fields": {"action_time": "2016-03-28T11:10:39.175Z", "user": ["admin"], "content_type": ["weblayout", "menu"], "object_id": "1", "object_repr": "test", "action_flag": 2, "change_message": "\u0414\u043e\u0434\u0430\u043d\u043e menu item \"\u0424\u043e\u0442\u043e of test\". \u0414\u043e\u0434\u0430\u043d\u043e menu item \"\u041d\u043e\u0443\u0442\u0431\u0443\u043a\u0438 of test\". \u0414\u043e\u0434\u0430\u043d\u043e menu item \"\u0413\u0430\u0434\u0436\u0435\u0442\u044b of test\"."}}, {"model": "admin.logentry", "pk": 94, "fields": {"action_time": "2016-03-28T11:11:02.489Z", "user": ["admin"], "content_type": ["weblayout", "menu"], "object_id": "1", "object_repr": "test", "action_flag": 2, "change_message": "\u0414\u043e\u0434\u0430\u043d\u043e menu item \"\u041f\u043b\u0430\u043d\u0448\u0435\u0442\u044b of test\"."}}, {"model": "admin.logentry", "pk": 95, "fields": {"action_time": "2016-03-28T11:47:04.623Z", "user": ["admin"], "content_type": ["website", "staticpage"], "object_id": "1", "object_repr": "super", "action_flag": 1, "change_message": ""}}, {"model": "admin.logentry", "pk": 96, "fields": {"action_time": "2016-03-28T11:47:21.326Z", "user": ["admin"], "content_type": ["weblayout", "menu"], "object_id": "2", "object_repr": "new", "action_flag": 1, "change_message": ""}}, {"model": "admin.logentry", "pk": 97, "fields": {"action_time": "2016-03-28T11:50:04.137Z", "user": ["admin"], "content_type": ["weblayout", "menu"], "object_id": "2", "object_repr": "new", "action_flag": 2, "change_message": "\u0417\u043c\u0456\u043d\u0435\u043d\u043e alternative_name \u0434\u043b\u044f menu item \"Apple of new\". \u0417\u043c\u0456\u043d\u0435\u043d\u043e alternative_name \u0434\u043b\u044f menu item \"\u041c\u043e\u0431\u0438\u043b\u044c\u043d\u044b\u0439 \u0442\u0435\u043b\u0435\u0444\u043e\u043d Apple iPhone 6s and others 98 of new\"."}}, {"model": "admin.logentry", "pk": 98, "fields": {"action_time": "2016-04-11T11:01:33.621Z", "user": ["admin"], "content_type": ["website", "staticpage"], "object_id": "2", "object_repr": "Home page", "action_flag": 1, "change_message": ""}}, {"model": "admin.logentry", "pk": 99, "fields": {"action_time": "2016-04-11T11:33:18.319Z", "user": ["admin"], "content_type": ["website", "staticpage"], "object_id": "2", "object_repr": "Home page", "action_flag": 2, "change_message": "\u0417\u043c\u0456\u043d\u0435\u043d\u043e url."}}, {"model": "admin.logentry", "pk": 100, "fields": {"action_time": "2016-04-11T11:35:36.413Z", "user": ["admin"], "content_type": ["website", "globalsettings"], "object_id": "1", "object_repr": "Company: Mediaset corp, emails: amirr_ua@mail.ru,amirrpp@yandex.ru", "action_flag": 1, "change_message": ""}}, {"model": "admin.logentry", "pk": 101, "fields": {"action_time": "2016-04-11T11:49:18.446Z", "user": ["admin"], "content_type": ["website", "staticpage"], "object_id": "2", "object_repr": "Home page", "action_flag": 3, "change_message": ""}}, {"model": "admin.logentry", "pk": 102, "fields": {"action_time": "2016-04-12T08:19:01.928Z", "user": ["admin"], "content_type": ["webshop", "productparameter"], "object_id": "1", "object_repr": "\u041c\u043e\u0434\u0435\u043b\u044c", "action_flag": 2, "change_message": "\u0414\u043e\u0434\u0430\u043d\u043e parameter range \"6 series\". \u0414\u043e\u0434\u0430\u043d\u043e parameter range \"5 series\"."}}, {"model": "admin.logentry", "pk": 103, "fields": {"action_time": "2016-04-12T08:19:31.101Z", "user": ["admin"], "content_type": ["webshop", "productparameter"], "object_id": "1", "object_repr": "\u041c\u043e\u0434\u0435\u043b\u044c", "action_flag": 2, "change_message": "\u0417\u043c\u0456\u043d\u0435\u043d\u043e parameter_range \u0434\u043b\u044f Product Parameter Available Value \"iPhone 6s\". \u0417\u043c\u0456\u043d\u0435\u043d\u043e parameter_range \u0434\u043b\u044f Product Parameter Available Value \"iPhone 6\". \u0417\u043c\u0456\u043d\u0435\u043d\u043e parameter_range \u0434\u043b\u044f Product Parameter Available Value \"iPhone 5s\". \u0417\u043c\u0456\u043d\u0435\u043d\u043e parameter_range \u0434\u043b\u044f Product Parameter Available Value \"iPhone 5c\"."}}, {"model": "admin.logentry", "pk": 104, "fields": {"action_time": "2016-04-12T12:35:20.375Z", "user": ["admin"], "content_type": ["webshop", "productparameter"], "object_id": "2", "object_repr": "\u041e\u0431\u044a\u0435\u043c \u043f\u0430\u043c\u044f\u0442\u0438", "action_flag": 2, "change_message": "\u0414\u043e\u0434\u0430\u043d\u043e parameter range \"test\"."}}, {"model": "admin.logentry", "pk": 105, "fields": {"action_time": "2016-04-12T12:35:50.930Z", "user": ["admin"], "content_type": ["webshop", "productparameter"], "object_id": "2", "object_repr": "\u041e\u0431\u044a\u0435\u043c \u043f\u0430\u043c\u044f\u0442\u0438", "action_flag": 2, "change_message": "\u0417\u043c\u0456\u043d\u0435\u043d\u043e parameter_range \u0434\u043b\u044f Product Parameter Available Value \"8 \u0413\u0411\"."}}, {"model": "admin.logentry", "pk": 106, "fields": {"action_time": "2016-04-12T12:35:57.617Z", "user": ["admin"], "content_type": ["webshop", "productparameter"], "object_id": "2", "object_repr": "\u041e\u0431\u044a\u0435\u043c \u043f\u0430\u043c\u044f\u0442\u0438", "action_flag": 2, "change_message": "\u0412\u0438\u0434\u0430\u043b\u0435\u043d\u043e parameter range \"test\"."}}, {"model": "admin.logentry", "pk": 107, "fields": {"action_time": "2016-04-12T12:46:05.011Z", "user": ["admin"], "content_type": ["webshop", "productparameteravailablevalue"], "object_id": "10", "object_repr": "8 \u0413\u0411", "action_flag": 1, "change_message": "\u0414\u043e\u0434\u0430\u043d\u043e."}}, {"model": "admin.logentry", "pk": 108, "fields": {"action_time": "2016-04-12T12:56:20.730Z", "user": ["admin"], "content_type": ["webshop", "productparameter"], "object_id": "2", "object_repr": "\u041e\u0431\u044a\u0435\u043c \u043f\u0430\u043c\u044f\u0442\u0438", "action_flag": 2, "change_message": "\u0414\u043e\u0434\u0430\u043d\u043e parameter range \"test\"."}}, {"model": "admin.logentry", "pk": 109, "fields": {"action_time": "2016-04-12T12:56:30.706Z", "user": ["admin"], "content_type": ["webshop", "productparameter"], "object_id": "2", "object_repr": "\u041e\u0431\u044a\u0435\u043c \u043f\u0430\u043c\u044f\u0442\u0438", "action_flag": 2, "change_message": "\u0417\u043c\u0456\u043d\u0435\u043d\u043e parameter_range \u0434\u043b\u044f Product Parameter Available Value \"8 \u0413\u0411\"."}}, {"model": "admin.logentry", "pk": 110, "fields": {"action_time": "2016-04-12T12:56:43.761Z", "user": ["admin"], "content_type": ["webshop", "productparameter"], "object_id": "2", "object_repr": "\u041e\u0431\u044a\u0435\u043c \u043f\u0430\u043c\u044f\u0442\u0438", "action_flag": 2, "change_message": "\u0412\u0438\u0434\u0430\u043b\u0435\u043d\u043e parameter range \"test\"."}}, {"model": "admin.logentry", "pk": 111, "fields": {"action_time": "2016-04-12T14:51:37.266Z", "user": ["admin"], "content_type": ["webshop", "productparameter"], "object_id": "2", "object_repr": "\u041e\u0431\u044a\u0435\u043c \u043f\u0430\u043c\u044f\u0442\u0438", "action_flag": 2, "change_message": "\u0414\u043e\u0434\u0430\u043d\u043e parameter range \"8 - 16 GB\". \u0414\u043e\u0434\u0430\u043d\u043e parameter range \"32 - 64 GB\"."}}, {"model": "admin.logentry", "pk": 112, "fields": {"action_time": "2016-04-12T14:51:59.501Z", "user": ["admin"], "content_type": ["webshop", "productparameter"], "object_id": "2", "object_repr": "\u041e\u0431\u044a\u0435\u043c \u043f\u0430\u043c\u044f\u0442\u0438", "action_flag": 2, "change_message": "\u0417\u043c\u0456\u043d\u0435\u043d\u043e parameter_range \u0434\u043b\u044f Product Parameter Available Value \"16 \u0413\u0411\". \u0417\u043c\u0456\u043d\u0435\u043d\u043e parameter_range \u0434\u043b\u044f Product Parameter Available Value \"32 \u0413\u0411\". \u0417\u043c\u0456\u043d\u0435\u043d\u043e parameter_range \u0434\u043b\u044f Product Parameter Available Value \"8 \u0413\u0411\"."}}, {"model": "admin.logentry", "pk": 113, "fields": {"action_time": "2016-04-12T14:53:03.334Z", "user": ["admin"], "content_type": ["webshop", "productparameter"], "object_id": "2", "object_repr": "\u041e\u0431\u044a\u0435\u043c \u043f\u0430\u043c\u044f\u0442\u0438", "action_flag": 2, "change_message": "\u0412\u0438\u0434\u0430\u043b\u0435\u043d\u043e parameter range \"8 - 16 GB\". \u0412\u0438\u0434\u0430\u043b\u0435\u043d\u043e parameter range \"32 - 64 GB\"."}}]